crime_type,location,time
Vehicle Theft,Chetpet,05:23
Accident,Chennai,12:44
Vehicle Stolen,Mambalam,10:31
Accident,Meenambakkam,04:06
Accident,Saidapet,15:11
Vehicle Stolen,Chennai,18:08
Vehicle Stolen,Anna Nagar,00:51
Vehicle Stolen,Ambattur,17:12
Vehicle Stolen,Ashok Nagar,21:26
Vehicle Stolen,Gopalapuram,02:47
Vehicle Theft,Triplicane,05:16
Vehicle Stolen,Mambalam,00:48
Accident,Alandur,13:39
Vehicle Theft,Teynampet,00:25
Vehicle Stolen,Vyasarpadi,21:18
Vehicle Stolen,Royapettah,15:33
Vehicle Theft,Pammal,02:19
Vehicle Stolen,Choolai,03:31
Accident,Thiru. Vi. Ka Nagar,14:24
Accident,Kodambakkam,01:11
Accident,K. K. Nagar,22:08
Vehicle Stolen,Triplicane,08:51
Vehicle Stolen,Kanathur,15:51
Vehicle Stolen,Pammal,09:12
Accident,T. Nagar,16:26
Vehicle Theft,Royapettah,04:06
Vehicle Stolen,Tondiarpet,09:52
Vehicle Stolen,Medavakkam,15:26
Accident,Vandalur,11:47
Vehicle Stolen,T. Nagar,18:40
Accident,Pudhuvannarapettai,17:48
Vehicle Theft,Ambattur,21:02
Vehicle Theft,Korukkupet,07:19
Vehicle Stolen,Kodungaiyur,00:18
Vehicle Stolen,Chromepet,15:26
Accident,Shenoy Nagar,07:29
Vehicle Theft,Choolai,06:23
Vehicle Theft,Vannarapettai,19:10
Vehicle Theft,Pammal,04:53
Vehicle Stolen,Pudhuvannarapettai,12:06
Vehicle Stolen,Triplicane,05:36
Vehicle Stolen,Tirusulam,20:19
Accident,Vadapalani,04:41
Vehicle Theft,Saidapet,07:31
Accident,Adyar,14:58
Accident,T. Nagar,03:38
Vehicle Stolen,Vyasarpadi,05:15
Accident,Egmore,18:01
Vehicle Stolen,Mudichur,02:22
Vehicle Theft,Alandur,09:15
Vehicle Theft,Mambalam,16:54
Vehicle Theft,Pudhuvannarapettai,19:34
Accident,Tondiarpet,08:52
Vehicle Theft,T. Nagar,23:12
Vehicle Stolen,Injambakkam,15:17
Vehicle Stolen,Kanathur,02:18
Vehicle Stolen,K. K. Nagar,07:04
Vehicle Theft,Anna Nagar,01:53
Vehicle Theft,Oggiyamduraipakkam,16:15
Vehicle Stolen,Tirusulam,12:36
Vehicle Theft,Triplicane,05:30
Accident,Thuraipakkam,12:49
Vehicle Theft,Park Town,16:49
Vehicle Stolen,K. K. Nagar,03:55
Vehicle Theft,Oggiyamduraipakkam,02:05
Accident,Ambattur,21:17
Vehicle Stolen,T. Nagar,03:46
Accident,Anna Nagar,21:56
Vehicle Theft,Ayanavaram,11:04
Accident,Kanathur,09:53
Vehicle Theft,Triplicane,08:21
Accident,Saidapet,12:34
Vehicle Stolen,Injambakkam,05:11
Accident,Perambur,04:20
Vehicle Theft,Kanathur,09:51
Vehicle Stolen,Tirusulam,06:51
Vehicle Stolen,Mudichur,14:34
Vehicle Theft,Gopalapuram,12:17
Vehicle Theft,Mudichur,00:34
Vehicle Theft,Pammal,23:42
Vehicle Stolen,Choolai,23:05
Vehicle Theft,Chromepet,08:37
Vehicle Theft,Saidapet,14:29
Vehicle Theft,Injambakkam,06:23
Accident,Medavakkam,22:49
Vehicle Theft,Park Town,07:11
Vehicle Theft,Mannivakkam,14:01
Accident,Sholinganallur,03:13
Vehicle Theft,Oggiyamduraipakkam,15:23
Accident,Triplicane,23:59
Vehicle Theft,Vadapalani,19:31
Accident,Injambakkam,00:21
Vehicle Stolen,Gopalapuram,03:50
Vehicle Theft,Tondiarpet,12:32
Vehicle Stolen,Pammal,20:06
Vehicle Theft,Pammal,11:37
Vehicle Theft,K. K. Nagar,09:55
Vehicle Theft,Royapettah,04:25
Vehicle Stolen,Saidapet,21:21
Vehicle Theft,Oggiyamduraipakkam,05:12
Vehicle Theft,Teynampet,08:45
Vehicle Stolen,Saidapet,06:48
Accident,Choolai,14:00
Vehicle Theft,Nungambakkam,17:26
Vehicle Stolen,Mambalam,07:33
Vehicle Stolen,Choolai,06:19
Vehicle Stolen,Tharamani,07:29
Accident,Sholinganallur,11:20
Vehicle Stolen,Mylapore,05:59
Vehicle Stolen,Vandalur,18:24
Vehicle Theft,Adambakkam,19:26
Vehicle Theft,Guindy,07:33
Accident,Vadapalani,12:20
Vehicle Stolen,Guindy,13:38
Vehicle Stolen,Purasawalkam,14:36
Accident,Perambur,14:31
Accident,Park Town,13:30
Vehicle Stolen,Kanathur,05:14
Accident,Chennai,02:30
Vehicle Theft,Saidapet,22:37
Accident,Meenambakkam,06:37
Vehicle Stolen,Madhavaram,00:11
Vehicle Stolen,Triplicane,09:58
Accident,Korukkupet,03:19
Vehicle Stolen,Sholinganallur,05:47
Accident,Injambakkam,08:51
Accident,Tharamani,19:29
Accident,Teynampet,06:18
Accident,Saidapet,19:23
Vehicle Theft,Teynampet,13:42
Vehicle Theft,Thiru. Vi. Ka Nagar,06:27
Accident,Thuraipakkam,18:28
Accident,Mannivakkam,11:04
Vehicle Stolen,Shenoy Nagar,19:25
Vehicle Stolen,Vadapalani,07:01
Vehicle Stolen,Perambur,16:37
Accident,Alandur,14:27
Accident,Shenoy Nagar,23:33
Vehicle Theft,Vadapalani,18:20
Vehicle Stolen,Perambur,10:25
Accident,Kanathur,18:16
Vehicle Theft,Mylapore,19:31
Vehicle Theft,Pudhuvannarapettai,11:02
Accident,Adyar,00:41
Accident,Choolai,19:53
Vehicle Stolen,Tondiarpet,10:32
Accident,Gopalapuram,16:16
Vehicle Theft,Medavakkam,02:12
Accident,K. K. Nagar,23:01
Accident,Adyar,08:50
Vehicle Stolen,Thuraipakkam,10:22
Vehicle Stolen,Korukkupet,07:51
Vehicle Theft,Park Town,18:18
Vehicle Stolen,Thiru. Vi. Ka Nagar,21:50
Vehicle Stolen,Triplicane,18:32
Accident,Kanathur,03:23
Accident,Chromepet,19:00
Accident,Mannivakkam,18:31
Vehicle Stolen,Mudichur,10:19
Accident,Sholinganallur,12:40
Vehicle Stolen,Tharamani,06:09
Vehicle Stolen,Injambakkam,15:39
Vehicle Stolen,Tondiarpet,09:53
Vehicle Theft,Perambur,05:06
Vehicle Stolen,Mambalam,20:54
Vehicle Theft,Thuraipakkam,19:39
Vehicle Stolen,Shenoy Nagar,16:33
Vehicle Theft,Vadapalani,04:24
Vehicle Theft,Tharamani,21:14
Accident,Kanathur,11:39
Accident,Egmore,23:17
Vehicle Theft,Pudhuvannarapettai,17:00
Vehicle Stolen,Vannarapettai,04:57
Vehicle Stolen,Vannarapettai,21:49
Vehicle Stolen,Pammal,17:53
Vehicle Theft,Kodungaiyur,14:39
Accident,Ayanavaram,01:00
Vehicle Theft,Chromepet,17:16
Vehicle Theft,Shenoy Nagar,01:07
Accident,Medavakkam,23:25
Accident,Anna Nagar,22:29
Vehicle Theft,Pammal,07:54
Vehicle Theft,Tharamani,05:43
Accident,Ashok Nagar,08:09
Vehicle Theft,T. Nagar,05:49
Vehicle Stolen,Saidapet,02:47
Vehicle Theft,Thiru. Vi. Ka Nagar,13:05
Vehicle Stolen,Royapettah,17:17
Vehicle Stolen,Choolai,10:18
Vehicle Stolen,Anna Nagar,08:15
Vehicle Stolen,Alandur,09:03
Vehicle Theft,K. K. Nagar,20:23
Vehicle Stolen,Mylapore,19:15
Vehicle Theft,Ashok Nagar,22:27
Vehicle Stolen,Park Town,01:39
Accident,Ayanavaram,13:03
Vehicle Stolen,Korukkupet,07:17
Accident,Thuraipakkam,16:50
Accident,Tirusulam,20:10
Accident,Saidapet,22:12
Vehicle Stolen,Kodungaiyur,01:36
Vehicle Theft,Shenoy Nagar,01:31
Vehicle Stolen,Perambur,21:27
Accident,Injambakkam,01:30
Accident,Tharamani,18:20
Vehicle Theft,Thiru. Vi. Ka Nagar,12:24
Vehicle Theft,Kodungaiyur,18:14
Vehicle Theft,Nungambakkam,20:05
Vehicle Stolen,Madhavaram,02:16
Vehicle Stolen,Mannivakkam,12:32
Vehicle Stolen,Medavakkam,17:05
Vehicle Stolen,Teynampet,17:55
Vehicle Theft,Kodungaiyur,21:44
Vehicle Stolen,Sholinganallur,11:31
Vehicle Stolen,Kanathur,22:34
Vehicle Theft,Triplicane,02:09
Vehicle Theft,Mudichur,16:36
Vehicle Stolen,Madhavaram,20:30
Vehicle Theft,Adyar,17:24
Accident,Pudhuvannarapettai,06:45
Accident,Teynampet,15:43
Accident,Teynampet,05:57
Vehicle Theft,Adambakkam,16:05
Vehicle Theft,Mambalam,22:16
Vehicle Theft,Gopalapuram,06:02
Accident,Purasawalkam,16:07
Vehicle Stolen,Ambattur,04:25
Vehicle Theft,Oggiyamduraipakkam,08:17
Vehicle Stolen,Korukkupet,03:47
Accident,Perambur,03:26
Vehicle Stolen,Alandur,11:42
Accident,Park Town,11:41
Vehicle Theft,Madhavaram,19:41
Vehicle Theft,Nungambakkam,04:52
Vehicle Stolen,Purasawalkam,19:52
Accident,Pammal,10:16
Accident,Vandalur,19:48
Vehicle Theft,Injambakkam,03:47
Vehicle Stolen,Medavakkam,10:11
Vehicle Stolen,Perambur,12:38
Vehicle Stolen,Ashok Nagar,04:23
Vehicle Stolen,Anna Nagar,15:15
Accident,Madhavaram,08:55
Vehicle Stolen,Oggiyamduraipakkam,00:00
Vehicle Stolen,Thuraipakkam,12:57
Vehicle Theft,Kanathur,13:47
Accident,Vadapalani,16:02
Vehicle Stolen,Vadapalani,10:56
Vehicle Theft,Royapettah,14:11
Accident,Chromepet,12:53
Vehicle Stolen,Alandur,01:53
Vehicle Theft,Sholinganallur,19:28
Accident,Tirusulam,23:45
Accident,Teynampet,12:02
Vehicle Theft,Royapettah,16:53
Vehicle Theft,Thiru. Vi. Ka Nagar,03:08
Vehicle Theft,Chromepet,03:54
Vehicle Stolen,Thuraipakkam,15:53
Accident,Medavakkam,17:30
Accident,Triplicane,04:39
Accident,Shenoy Nagar,16:24
Accident,Injambakkam,13:16
Accident,Pammal,04:10
Vehicle Stolen,Saidapet,11:54
Vehicle Stolen,Kanathur,13:04
Accident,Kodungaiyur,02:35
Vehicle Theft,Tirusulam,03:18
Accident,Kanathur,18:07
Vehicle Stolen,Oggiyamduraipakkam,07:47
Vehicle Stolen,Teynampet,10:11
Vehicle Theft,Teynampet,07:31
Accident,Egmore,20:40
Vehicle Stolen,Mannivakkam,19:11
Vehicle Theft,T. Nagar,21:52
Vehicle Theft,Vadapalani,09:21
Vehicle Stolen,Adambakkam,19:22
Vehicle Stolen,Shenoy Nagar,08:12
Vehicle Theft,Mambalam,10:45
Accident,Shenoy Nagar,17:40
Vehicle Stolen,Park Town,05:32
Accident,Guindy,10:43
Vehicle Theft,Shenoy Nagar,13:00
Vehicle Stolen,Vandalur,16:28
Accident,Perambur,21:03
Accident,Thuraipakkam,13:37
Accident,Park Town,19:38
Vehicle Stolen,Kodungaiyur,18:44
Accident,Medavakkam,22:34
Accident,Madhavaram,04:49
Vehicle Stolen,Ambattur,04:23
Vehicle Stolen,Ambattur,08:46
Accident,Tirusulam,04:03
Accident,Choolai,11:46
Vehicle Stolen,Anna Nagar,21:32
Accident,Mambalam,22:07
Accident,Teynampet,09:31
Vehicle Stolen,Gopalapuram,16:00
Accident,Kanathur,05:50
Accident,Vadapalani,14:30
Vehicle Theft,Madhavaram,02:58
Vehicle Stolen,Tirusulam,14:37
Vehicle Stolen,Choolai,00:35
Vehicle Stolen,Royapettah,06:57
Accident,Mannivakkam,05:23
Vehicle Theft,Meenambakkam,03:00
Accident,Kanathur,19:44
Vehicle Stolen,Alandur,04:32
Vehicle Stolen,Adyar,04:27
Vehicle Stolen,Ambattur,22:18
Vehicle Stolen,Triplicane,09:12
Vehicle Theft,Kodambakkam,03:55
Vehicle Stolen,Injambakkam,05:41
Accident,Vadapalani,16:58
Vehicle Theft,Alandur,14:30
Vehicle Stolen,Nungambakkam,04:25
Vehicle Theft,Alandur,11:01
Vehicle Stolen,Chennai,01:43
Accident,Guindy,05:50
Accident,Guindy,14:00
Accident,Korukkupet,16:18
Vehicle Theft,Shenoy Nagar,09:57
Vehicle Stolen,Alandur,04:45
Vehicle Stolen,Injambakkam,15:40
Vehicle Theft,T. Nagar,06:00
Vehicle Stolen,Vyasarpadi,23:22
Vehicle Stolen,Thuraipakkam,21:51
Vehicle Stolen,Egmore,13:53
Vehicle Stolen,Anna Nagar,12:53
Vehicle Stolen,Adyar,15:21
Vehicle Stolen,T. Nagar,14:45
Accident,Vannarapettai,05:59
Vehicle Theft,Gopalapuram,18:43
Vehicle Stolen,Shenoy Nagar,07:47
Accident,Vandalur,22:25
Accident,Adyar,03:11
Vehicle Theft,Vadapalani,19:09
Vehicle Stolen,Vadapalani,11:59
Vehicle Stolen,Thuraipakkam,15:01
Accident,Vandalur,09:46
Vehicle Stolen,Anna Nagar,03:37
Vehicle Stolen,Tirusulam,14:34
Vehicle Theft,Mylapore,20:20
Vehicle Stolen,Purasawalkam,20:33
Accident,Ayanavaram,03:45
Vehicle Stolen,Kanathur,18:31
Vehicle Theft,Mylapore,20:40
Accident,Injambakkam,03:03
Accident,Tondiarpet,08:53
Vehicle Stolen,Ayanavaram,10:41
Vehicle Theft,Gopalapuram,21:23
Accident,Oggiyamduraipakkam,21:58
Accident,Mannivakkam,14:18
Vehicle Stolen,K. K. Nagar,01:29
Vehicle Theft,Kanathur,06:30
Vehicle Theft,Triplicane,20:31
Vehicle Theft,Madhavaram,00:09
Vehicle Stolen,Mannivakkam,10:41
Accident,Vyasarpadi,09:25
Vehicle Stolen,Anna Nagar,18:40
Vehicle Theft,Gopalapuram,17:01
Vehicle Stolen,Egmore,09:06
Accident,Adyar,03:48
Accident,Adyar,01:17
Vehicle Stolen,Chromepet,04:30
Accident,Madhavaram,03:50
Vehicle Theft,Pammal,06:35
Vehicle Theft,Medavakkam,19:13
Vehicle Theft,K. K. Nagar,18:15
Vehicle Stolen,Chetpet,18:43
Vehicle Theft,Medavakkam,21:16
Vehicle Theft,Mannivakkam,09:27
Vehicle Stolen,Oggiyamduraipakkam,16:35
Accident,Adambakkam,09:31
Vehicle Theft,Kodungaiyur,10:19
Vehicle Theft,Chetpet,09:16
Vehicle Theft,Adambakkam,06:39
Vehicle Stolen,Purasawalkam,14:03
Vehicle Theft,Tondiarpet,03:21
Accident,Pudhuvannarapettai,03:14
Accident,Kodungaiyur,00:25
Vehicle Theft,Injambakkam,12:00
Vehicle Stolen,Gopalapuram,19:24
Vehicle Stolen,Pammal,04:55
Vehicle Theft,Gopalapuram,09:53
Vehicle Theft,Park Town,07:09
Vehicle Stolen,Mambalam,23:34
Vehicle Stolen,Injambakkam,18:17
Vehicle Stolen,T. Nagar,16:08
Accident,Chennai,18:30
Vehicle Theft,Vadapalani,07:33
Vehicle Stolen,Choolai,04:48
Accident,Chromepet,14:49
Accident,Choolai,11:34
Vehicle Theft,K. K. Nagar,23:46
Vehicle Stolen,Triplicane,18:18
Vehicle Theft,Choolai,07:01
Vehicle Theft,Gopalapuram,05:28
Accident,Guindy,01:27
Accident,Park Town,10:26
Accident,Perambur,01:36
Accident,Ambattur,16:01
Vehicle Theft,Egmore,14:56
Accident,Adyar,05:01
Accident,Ambattur,02:26
Accident,Pammal,07:37
Vehicle Stolen,Sholinganallur,10:52
Accident,Anna Nagar,03:20
Vehicle Stolen,T. Nagar,19:19
Vehicle Stolen,Vannarapettai,20:27
Vehicle Theft,Alandur,07:16
Accident,Vandalur,22:32
Vehicle Stolen,Purasawalkam,17:21
Accident,Thuraipakkam,05:48
Vehicle Theft,Chennai,07:09
Vehicle Stolen,Mudichur,07:05
Vehicle Stolen,Alandur,04:35
Vehicle Stolen,T. Nagar,00:14
Accident,Korukkupet,00:03
Accident,Tondiarpet,15:07
Vehicle Stolen,Korukkupet,17:19
Vehicle Stolen,Park Town,19:15
Vehicle Theft,Mylapore,01:33
Accident,Park Town,20:19
Vehicle Stolen,Pudhuvannarapettai,11:54
Vehicle Theft,Perambur,11:21
Vehicle Theft,Medavakkam,09:38
Vehicle Stolen,Kanathur,16:07
Vehicle Stolen,Thiru. Vi. Ka Nagar,02:11
Accident,Kanathur,05:46
Vehicle Theft,Medavakkam,05:08
Vehicle Theft,Chromepet,05:58
Vehicle Stolen,Saidapet,14:35
Vehicle Stolen,Mambalam,05:15
Vehicle Stolen,Tharamani,15:07
Vehicle Theft,Alandur,08:58
Vehicle Stolen,Adambakkam,23:50
Vehicle Theft,Medavakkam,21:02
Vehicle Theft,Purasawalkam,13:41
Vehicle Stolen,Chennai,17:04
Vehicle Theft,Thuraipakkam,04:56
Accident,Tirusulam,19:11
Vehicle Stolen,Medavakkam,20:28
Vehicle Stolen,Mambalam,21:37
Accident,Royapettah,22:24
Vehicle Theft,Vyasarpadi,10:22
Accident,Choolai,13:00
Accident,Shenoy Nagar,22:52
Vehicle Stolen,Park Town,08:55
Vehicle Theft,Injambakkam,21:13
Vehicle Stolen,Anna Nagar,01:56
Accident,Perambur,15:20
Vehicle Stolen,Pudhuvannarapettai,09:39
Vehicle Theft,Chennai,00:06
Accident,Meenambakkam,04:28
Vehicle Stolen,Ayanavaram,09:08
Vehicle Stolen,Teynampet,02:40
Accident,Vyasarpadi,10:42
Vehicle Stolen,Perambur,02:18
Vehicle Theft,Guindy,20:57
Accident,Vyasarpadi,19:51
Vehicle Theft,Adambakkam,12:36
Vehicle Theft,Perambur,00:08
Accident,Perambur,11:05
Vehicle Stolen,Tondiarpet,18:01
Vehicle Theft,Nungambakkam,21:45
Accident,Vannarapettai,05:23
Vehicle Stolen,Egmore,12:30
Vehicle Stolen,Choolai,19:26
Vehicle Stolen,Ambattur,20:19
Accident,Ashok Nagar,22:27
Vehicle Theft,Ayanavaram,15:26
Vehicle Theft,Adambakkam,17:01
Accident,Saidapet,16:52
Vehicle Theft,Medavakkam,20:46
Vehicle Theft,Perambur,10:59
Vehicle Theft,Mannivakkam,22:50
Accident,Mylapore,02:11
Accident,Injambakkam,23:25
Vehicle Theft,Purasawalkam,05:35
Accident,Pammal,12:24
Accident,Vyasarpadi,10:14
Vehicle Theft,Vannarapettai,16:16
Accident,Park Town,17:27
Vehicle Stolen,Triplicane,13:51
Vehicle Theft,Oggiyamduraipakkam,23:30
Vehicle Theft,Chennai,15:26
Accident,Ambattur,21:40
Vehicle Stolen,Tondiarpet,18:30
Accident,Teynampet,20:31
Vehicle Stolen,Tharamani,05:49
Accident,Tondiarpet,04:54
Accident,Ayanavaram,15:16
Accident,Chetpet,00:47
Vehicle Theft,Sholinganallur,17:03
Vehicle Stolen,Kanathur,07:17
Vehicle Stolen,Kodungaiyur,14:14
Vehicle Stolen,Kodambakkam,14:43
Vehicle Stolen,Chromepet,12:11
Vehicle Stolen,Ambattur,21:11
Accident,Guindy,19:43
Vehicle Stolen,Saidapet,07:14
Vehicle Theft,Teynampet,05:22
Vehicle Theft,Ashok Nagar,21:30
Accident,Pammal,19:55
Vehicle Stolen,Teynampet,04:30
Accident,Mylapore,01:48
Vehicle Stolen,Kodambakkam,17:48
Vehicle Theft,Triplicane,20:30
Vehicle Theft,Oggiyamduraipakkam,01:11
Vehicle Stolen,Mylapore,19:27
Vehicle Theft,Anna Nagar,17:18
Vehicle Theft,Guindy,19:20
Accident,Gopalapuram,01:22
Accident,Vadapalani,00:48
Vehicle Stolen,Vannarapettai,03:37
Accident,Oggiyamduraipakkam,01:32
Vehicle Stolen,Choolai,22:59
Accident,Chetpet,02:27
Vehicle Theft,Thiru. Vi. Ka Nagar,23:10
Accident,Vadapalani,20:54
Vehicle Stolen,Korukkupet,08:58
Accident,Thiru. Vi. Ka Nagar,19:42
Accident,Pammal,21:30
Vehicle Theft,Gopalapuram,10:52
Vehicle Stolen,Shenoy Nagar,00:19
Accident,Vandalur,18:22
Vehicle Stolen,Thuraipakkam,16:48
Vehicle Theft,Korukkupet,06:10
Vehicle Theft,Egmore,00:10
Vehicle Theft,Mylapore,05:33
Vehicle Theft,Kodambakkam,22:22
Vehicle Stolen,Meenambakkam,03:49
Vehicle Theft,Ambattur,02:30
Vehicle Theft,Guindy,15:30
Vehicle Stolen,Alandur,07:50
Vehicle Stolen,Thiru. Vi. Ka Nagar,00:25
Vehicle Theft,Madhavaram,17:04
Vehicle Stolen,Kanathur,05:50
Accident,Thiru. Vi. Ka Nagar,06:51
Accident,Shenoy Nagar,12:28
Accident,Tondiarpet,08:25
Vehicle Stolen,Choolai,23:38
Vehicle Theft,Meenambakkam,22:03
Vehicle Theft,Gopalapuram,13:51
Accident,Tharamani,01:52
Vehicle Theft,Pammal,14:31
Vehicle Stolen,Kodungaiyur,05:30
Vehicle Theft,Royapettah,14:03
Vehicle Theft,Injambakkam,11:03
Vehicle Theft,Mudichur,23:16
Vehicle Theft,Alandur,08:48
Vehicle Theft,Oggiyamduraipakkam,22:41
Vehicle Theft,Oggiyamduraipakkam,02:22
Vehicle Stolen,Park Town,03:51
Vehicle Theft,Madhavaram,05:17
Vehicle Theft,Injambakkam,04:07
Vehicle Stolen,Thiru. Vi. Ka Nagar,23:42
Vehicle Theft,Teynampet,03:53
Accident,Ambattur,19:20
Vehicle Stolen,K. K. Nagar,13:16
Vehicle Stolen,Vandalur,03:28
Accident,Kanathur,08:02
Vehicle Stolen,Thiru. Vi. Ka Nagar,22:51
Accident,Shenoy Nagar,03:30
Vehicle Theft,Vannarapettai,18:38
Accident,Kodambakkam,18:08
Accident,Korukkupet,15:08
Vehicle Stolen,Chromepet,13:24
Vehicle Theft,Kodungaiyur,06:03
Vehicle Theft,Oggiyamduraipakkam,23:39
Vehicle Theft,Nungambakkam,21:23
Vehicle Theft,Mannivakkam,04:21
Accident,Saidapet,16:50
Vehicle Stolen,Sholinganallur,15:32
Accident,Mylapore,22:40
Accident,Ayanavaram,00:37
Vehicle Stolen,Mannivakkam,00:55
Vehicle Theft,Injambakkam,09:56
Accident,Thuraipakkam,17:22
Vehicle Stolen,Choolai,13:39
Accident,Mylapore,13:39
Accident,Tirusulam,04:21
Vehicle Stolen,Royapettah,08:38
Vehicle Theft,Choolai,05:44
Vehicle Theft,Medavakkam,22:06
Vehicle Stolen,Chetpet,15:37
Accident,Ashok Nagar,22:42
Vehicle Theft,Vandalur,01:41
Accident,Alandur,02:09
Accident,Medavakkam,13:29
Vehicle Theft,Korukkupet,02:29
Accident,Royapettah,03:45
Accident,Guindy,09:08
Vehicle Theft,Pudhuvannarapettai,19:58
Vehicle Theft,Egmore,03:34
Vehicle Stolen,Mannivakkam,17:11
Accident,Pammal,22:32
Accident,Sholinganallur,04:25
Vehicle Theft,Injambakkam,05:13
Vehicle Theft,Tondiarpet,22:37
Vehicle Theft,Ambattur,08:22
Vehicle Stolen,T. Nagar,17:30
Accident,Vandalur,22:59
Accident,Saidapet,07:59
Accident,Sholinganallur,11:28
Accident,Shenoy Nagar,17:44
Vehicle Theft,Sholinganallur,06:29
Accident,Alandur,04:05
Vehicle Theft,Vyasarpadi,06:02
Accident,Anna Nagar,16:08
Vehicle Stolen,Nungambakkam,18:05
Accident,Vyasarpadi,19:42
Vehicle Theft,Kanathur,11:07
Vehicle Stolen,Mannivakkam,14:09
Accident,Perambur,13:48
Accident,Tirusulam,06:37
Accident,Thuraipakkam,21:42
Vehicle Theft,Purasawalkam,03:02
Vehicle Stolen,Mylapore,14:41
Vehicle Stolen,Kanathur,07:22
Vehicle Stolen,Vandalur,05:28
Accident,Shenoy Nagar,15:27
Vehicle Theft,Perambur,13:49
Vehicle Theft,Medavakkam,01:48
Vehicle Theft,Tirusulam,21:59
Vehicle Stolen,Ayanavaram,16:12
Vehicle Stolen,Adambakkam,03:02
Vehicle Stolen,Guindy,17:06
Accident,K. K. Nagar,09:32
Vehicle Theft,Meenambakkam,20:22
Vehicle Stolen,Teynampet,12:01
Accident,Adyar,08:23
Accident,Kanathur,14:53
Accident,Kanathur,20:50
Vehicle Stolen,Tirusulam,21:41
Vehicle Theft,Mambalam,07:05
Vehicle Theft,Adambakkam,16:54
Vehicle Theft,Park Town,20:57
Vehicle Theft,Ashok Nagar,01:45
Accident,Nungambakkam,12:17
Vehicle Stolen,Ashok Nagar,20:14
Vehicle Stolen,Anna Nagar,23:52
Accident,Nungambakkam,18:08
Accident,Adyar,07:34
Vehicle Theft,Vadapalani,02:41
Accident,Saidapet,04:45
Vehicle Stolen,Chromepet,02:42
Vehicle Theft,Ayanavaram,09:46
Accident,Perambur,18:22
Vehicle Theft,Vyasarpadi,13:49
Vehicle Theft,Sholinganallur,12:24
Accident,Vadapalani,14:05
Accident,Pammal,00:37
Vehicle Theft,Tirusulam,08:26
Vehicle Theft,Korukkupet,18:09
Accident,Alandur,03:33
Accident,Royapettah,19:31
Accident,Alandur,19:58
Vehicle Stolen,Triplicane,07:54
Vehicle Theft,K. K. Nagar,04:31
Vehicle Stolen,Anna Nagar,05:40
Vehicle Stolen,Adyar,20:30
Accident,Injambakkam,15:41
Vehicle Theft,Nungambakkam,13:20
Vehicle Theft,Ayanavaram,11:04
Vehicle Stolen,Sholinganallur,13:18
Accident,Kanathur,16:24
Vehicle Stolen,Mylapore,04:58
Accident,Anna Nagar,09:13
Vehicle Theft,Injambakkam,00:02
Vehicle Stolen,Purasawalkam,03:51
Vehicle Stolen,Royapettah,06:06
Accident,Pammal,17:39
Accident,Madhavaram,01:21
Accident,Saidapet,00:41
Vehicle Stolen,Mudichur,12:31
Accident,Guindy,11:56
Vehicle Stolen,Vadapalani,11:41
Vehicle Theft,Tondiarpet,15:56
Vehicle Theft,Thuraipakkam,09:01
Vehicle Theft,Park Town,03:20
Vehicle Stolen,Gopalapuram,07:20
Vehicle Stolen,Nungambakkam,19:28
Accident,Teynampet,17:21
Vehicle Stolen,Oggiyamduraipakkam,06:20
Vehicle Theft,Thiru. Vi. Ka Nagar,18:53
Accident,K. K. Nagar,19:55
Accident,Royapettah,11:37
Vehicle Theft,Ayanavaram,09:45
Accident,Chromepet,08:40
Vehicle Stolen,Meenambakkam,08:54
Vehicle Stolen,Kanathur,07:13
Vehicle Theft,Nungambakkam,06:10
Vehicle Stolen,Thiru. Vi. Ka Nagar,04:15
Vehicle Stolen,Korukkupet,22:13
Accident,Madhavaram,15:19
Accident,Mannivakkam,17:34
Vehicle Theft,Pammal,21:00
Vehicle Theft,Mylapore,04:53
Vehicle Stolen,Nungambakkam,17:11
Vehicle Theft,Anna Nagar,07:57
Vehicle Stolen,Ambattur,07:44
Vehicle Stolen,Tirusulam,04:55
Accident,Mudichur,18:18
Accident,Vadapalani,12:58
Vehicle Theft,Nungambakkam,20:03
Accident,Adambakkam,18:00
Vehicle Theft,Oggiyamduraipakkam,16:05
Vehicle Theft,Tondiarpet,23:40
Vehicle Stolen,Tirusulam,07:32
Vehicle Theft,Guindy,20:30
Accident,Sholinganallur,22:48
Vehicle Stolen,Vyasarpadi,07:47
Accident,Thiru. Vi. Ka Nagar,18:55
Vehicle Stolen,Kodambakkam,02:02
Vehicle Stolen,Meenambakkam,12:16
Vehicle Stolen,Thiru. Vi. Ka Nagar,21:16
Vehicle Theft,Korukkupet,12:57
Vehicle Stolen,Mudichur,18:06
Vehicle Stolen,Mambalam,00:49
Vehicle Stolen,Sholinganallur,19:37
Vehicle Theft,K. K. Nagar,01:47
Vehicle Theft,Park Town,22:02
Vehicle Theft,Chromepet,16:22
Vehicle Stolen,Madhavaram,13:20
Vehicle Stolen,Meenambakkam,22:32
Vehicle Stolen,Pudhuvannarapettai,21:23
Vehicle Theft,Mambalam,17:54
Vehicle Theft,Oggiyamduraipakkam,08:11
Vehicle Theft,Royapettah,23:36
Vehicle Stolen,Anna Nagar,14:57
Vehicle Stolen,Choolai,09:42
Vehicle Theft,Kodungaiyur,20:42
Vehicle Theft,Anna Nagar,17:21
Vehicle Stolen,Meenambakkam,10:56
Vehicle Theft,Saidapet,08:02
Vehicle Theft,Korukkupet,03:04
Vehicle Theft,Egmore,18:55
Vehicle Theft,Pudhuvannarapettai,15:56
Vehicle Stolen,Teynampet,09:27
Vehicle Stolen,Vannarapettai,12:09
Accident,Tirusulam,00:41
Vehicle Theft,Shenoy Nagar,18:09
Vehicle Theft,Chennai,18:59
Vehicle Stolen,Chromepet,23:44
Vehicle Stolen,Oggiyamduraipakkam,07:54
Vehicle Theft,Mudichur,13:02
Accident,Park Town,18:00
Accident,Vyasarpadi,13:52
Vehicle Stolen,Adyar,19:25
Accident,Saidapet,20:51
Accident,Pammal,02:56
Accident,Sholinganallur,15:42
Accident,Medavakkam,23:33
Accident,Tondiarpet,01:21
Vehicle Theft,Chennai,06:39
Vehicle Theft,Ambattur,22:38
Vehicle Theft,Oggiyamduraipakkam,21:19
Vehicle Theft,Pammal,08:41
Vehicle Theft,Mannivakkam,07:51
Vehicle Stolen,Shenoy Nagar,11:19
Vehicle Stolen,Tirusulam,17:39
Vehicle Stolen,Shenoy Nagar,06:47
Accident,Thuraipakkam,06:37
Accident,Guindy,14:15
Vehicle Theft,Vyasarpadi,01:53
Vehicle Stolen,Vandalur,06:59
Vehicle Theft,Chennai,10:11
Vehicle Theft,Mudichur,12:12
Vehicle Theft,Injambakkam,11:49
Vehicle Stolen,Mylapore,02:55
Vehicle Stolen,Guindy,06:03
Vehicle Stolen,Thuraipakkam,04:33
Vehicle Stolen,K. K. Nagar,09:11
Accident,Medavakkam,01:58
Vehicle Theft,Thiru. Vi. Ka Nagar,22:09
Vehicle Stolen,Chetpet,06:38
Vehicle Theft,Triplicane,17:00
Accident,Saidapet,12:41
Vehicle Theft,Park Town,20:58
Vehicle Theft,Egmore,15:31
Accident,Choolai,02:11
Accident,Anna Nagar,16:42
Vehicle Stolen,Pudhuvannarapettai,18:34
Accident,Mambalam,20:28
Accident,Madhavaram,19:48
Vehicle Stolen,Medavakkam,20:30
Accident,Korukkupet,04:29
Accident,Medavakkam,16:16
Vehicle Theft,Chromepet,10:19
Vehicle Theft,K. K. Nagar,07:16
Vehicle Stolen,Anna Nagar,16:50
Vehicle Theft,Adambakkam,07:46
Vehicle Theft,Meenambakkam,10:05
Vehicle Stolen,T. Nagar,23:49
Accident,Tondiarpet,08:47
Vehicle Theft,Purasawalkam,19:02
Vehicle Stolen,Choolai,10:29
Accident,Chetpet,04:20
Vehicle Theft,Park Town,01:10
Vehicle Theft,Vandalur,18:40
Vehicle Theft,Tirusulam,09:17
Vehicle Stolen,Mylapore,07:46
Vehicle Stolen,Tondiarpet,11:48
Vehicle Theft,Thuraipakkam,00:29
Accident,Mylapore,06:47
Vehicle Theft,Vandalur,02:20
Vehicle Stolen,Tondiarpet,19:15
Vehicle Stolen,Adyar,02:54
Vehicle Theft,Pammal,02:11
Vehicle Theft,Vannarapettai,08:25
Vehicle Stolen,Thiru. Vi. Ka Nagar,09:22
Vehicle Theft,Triplicane,06:55
Vehicle Stolen,Vandalur,22:54
Vehicle Theft,Pammal,03:09
Vehicle Stolen,Chennai,23:24
Vehicle Stolen,Sholinganallur,02:03
Accident,Injambakkam,03:24
Vehicle Theft,Sholinganallur,09:43
Vehicle Stolen,Vandalur,01:23
Accident,Ambattur,18:09
Vehicle Stolen,Anna Nagar,22:14
Vehicle Stolen,Chennai,05:24
Accident,Guindy,23:14
Accident,Teynampet,08:05
Vehicle Stolen,Meenambakkam,10:48
Vehicle Theft,Anna Nagar,14:30
Accident,T. Nagar,03:21
Accident,Anna Nagar,07:35
Vehicle Theft,Meenambakkam,17:16
Vehicle Stolen,Mannivakkam,11:21
Vehicle Theft,Royapettah,21:29
Vehicle Theft,Alandur,10:11
Vehicle Stolen,Vandalur,21:04
Accident,Pudhuvannarapettai,23:29
Vehicle Stolen,Alandur,06:47
Accident,Meenambakkam,03:28
Accident,Saidapet,08:23
Vehicle Stolen,Chromepet,17:16
Vehicle Theft,Kodungaiyur,01:30
Accident,Injambakkam,01:43
Accident,Vandalur,12:17
Vehicle Stolen,Kodambakkam,09:39
Accident,Kanathur,16:29
Accident,Gopalapuram,01:04
Vehicle Theft,Choolai,13:35
Vehicle Theft,Mannivakkam,00:09
Vehicle Theft,Chromepet,05:27
Accident,Thiru. Vi. Ka Nagar,03:31
Vehicle Stolen,Chromepet,22:02
Vehicle Theft,Sholinganallur,20:57
Vehicle Stolen,Ashok Nagar,10:51
Vehicle Theft,Tharamani,10:01
Vehicle Theft,Kodungaiyur,05:08
Accident,K. K. Nagar,02:35
Accident,Triplicane,14:34
Accident,Oggiyamduraipakkam,20:02
Vehicle Theft,Mambalam,04:25
Accident,Mambalam,15:55
Vehicle Theft,Mudichur,14:58
Vehicle Theft,Vandalur,15:49
Vehicle Theft,Oggiyamduraipakkam,17:07
Vehicle Stolen,Ambattur,07:27
Accident,Kanathur,23:03
Vehicle Stolen,Anna Nagar,12:43
Vehicle Theft,Shenoy Nagar,05:30
Accident,Ambattur,05:29
Vehicle Stolen,Tharamani,06:52
Accident,Vannarapettai,14:49
Vehicle Theft,Chromepet,10:51
Accident,Thiru. Vi. Ka Nagar,23:39
Vehicle Theft,Sholinganallur,10:12
Vehicle Theft,Vandalur,04:41
Accident,Ayanavaram,17:26
Accident,Ambattur,01:45
Accident,Thuraipakkam,00:31
Accident,Madhavaram,04:22
Vehicle Theft,Teynampet,21:37
Vehicle Stolen,Guindy,04:12
Vehicle Stolen,Kodambakkam,02:52
Vehicle Stolen,Tirusulam,20:53
Vehicle Theft,Vandalur,07:49
Accident,Triplicane,11:10
Vehicle Stolen,Chetpet,01:09
Vehicle Theft,Injambakkam,17:41
Vehicle Theft,Chennai,22:53
Vehicle Stolen,Vannarapettai,14:11
Vehicle Stolen,Ashok Nagar,06:40
Vehicle Theft,Mylapore,01:41
Accident,Shenoy Nagar,04:42
Accident,Ambattur,04:05
Vehicle Theft,Anna Nagar,05:10
Accident,Nungambakkam,09:36
Accident,Purasawalkam,09:23
Vehicle Stolen,Pudhuvannarapettai,12:43
Vehicle Stolen,Egmore,18:30
Vehicle Theft,Guindy,09:58
Accident,Vadapalani,14:01
Vehicle Stolen,Teynampet,01:02
Vehicle Theft,Guindy,23:48
Vehicle Theft,Guindy,05:08
Vehicle Theft,Nungambakkam,16:37
Vehicle Theft,Adambakkam,14:47
Vehicle Theft,Vannarapettai,20:02
Vehicle Stolen,Alandur,13:46
Vehicle Stolen,Saidapet,21:23
Accident,Ambattur,01:04
Vehicle Theft,Vannarapettai,19:33
Accident,Choolai,23:12
Accident,Vyasarpadi,13:18
Vehicle Stolen,Tirusulam,00:25
Vehicle Stolen,Chetpet,02:14
Accident,Choolai,08:27
Accident,Guindy,08:35
Vehicle Stolen,Thuraipakkam,19:52
Vehicle Stolen,Park Town,15:25
Accident,Ashok Nagar,14:42
Vehicle Stolen,Shenoy Nagar,09:06
Vehicle Stolen,Kodungaiyur,09:54
Vehicle Theft,Oggiyamduraipakkam,00:40
Accident,Tondiarpet,23:18
Accident,Chennai,10:47
Accident,Kodambakkam,18:06
Vehicle Stolen,Vannarapettai,17:44
Vehicle Theft,Pammal,11:58
Vehicle Stolen,Thiru. Vi. Ka Nagar,17:04
Vehicle Stolen,Chromepet,08:00
Vehicle Theft,Saidapet,18:04
Accident,Saidapet,17:02
Vehicle Stolen,Chetpet,05:34
Accident,T. Nagar,03:35
Vehicle Theft,Anna Nagar,11:17
Vehicle Stolen,Kanathur,17:10
Vehicle Theft,Egmore,03:31
Accident,Choolai,18:14
Vehicle Stolen,Ayanavaram,21:39
Vehicle Theft,Kodambakkam,19:22
Vehicle Theft,Vadapalani,06:32
Accident,Tirusulam,03:11
Vehicle Stolen,Kodambakkam,02:02
Vehicle Stolen,Vandalur,14:39
Accident,Adambakkam,04:55
Vehicle Theft,Kanathur,02:37
Vehicle Theft,Royapettah,08:27
Vehicle Stolen,Guindy,03:51
Vehicle Theft,Thiru. Vi. Ka Nagar,07:43
Vehicle Theft,Pudhuvannarapettai,17:10
Vehicle Theft,Vandalur,17:49
Vehicle Theft,Kanathur,18:47
Vehicle Stolen,Egmore,14:50
Accident,Ashok Nagar,00:47
Accident,Thiru. Vi. Ka Nagar,18:35
Vehicle Theft,Tirusulam,10:07
Accident,Tondiarpet,00:13
Accident,Tirusulam,02:20
Vehicle Theft,Korukkupet,12:46
Vehicle Theft,Injambakkam,22:52
Vehicle Theft,Choolai,17:47
Accident,Ambattur,02:15
Vehicle Stolen,Ambattur,09:49
Vehicle Theft,Meenambakkam,22:10
Vehicle Stolen,Kodungaiyur,02:19
Accident,Mylapore,04:53
Accident,Gopalapuram,17:59
Vehicle Stolen,T. Nagar,08:21
Vehicle Stolen,Korukkupet,19:46
Vehicle Theft,Ambattur,02:25
Vehicle Stolen,Vyasarpadi,06:19
Accident,Vannarapettai,11:53
Vehicle Theft,Injambakkam,05:14
Vehicle Theft,Kanathur,02:30
Vehicle Theft,Perambur,21:35
Accident,Vannarapettai,01:45
Accident,Nungambakkam,08:52
Accident,Mannivakkam,09:54
Vehicle Theft,Triplicane,05:06
Accident,Ashok Nagar,09:52
Vehicle Stolen,Vadapalani,16:16
Vehicle Theft,Thiru. Vi. Ka Nagar,12:34
Vehicle Theft,Perambur,19:32
Vehicle Theft,Ambattur,08:20
Vehicle Stolen,Pammal,16:57
Accident,Saidapet,05:23
Accident,Royapettah,19:01
Vehicle Theft,Tirusulam,06:16
Accident,Anna Nagar,18:09
Accident,Korukkupet,21:11
Accident,Mylapore,11:23
Vehicle Theft,Tirusulam,00:17
Accident,Anna Nagar,16:17
Accident,Teynampet,15:29
Vehicle Theft,Vadapalani,20:10
Accident,Alandur,03:05
Vehicle Theft,T. Nagar,00:17
Vehicle Stolen,Adambakkam,11:40
Vehicle Stolen,Choolai,20:06
Vehicle Stolen,Mudichur,12:49
Accident,Kodambakkam,21:44
Accident,Tharamani,23:47
Vehicle Stolen,Kodambakkam,13:21
