crime_type,location,time_category
Vehicle Theft,"Anna Nagar, Chennai, Tamil Nadu",N
Vehicle Stolen,"Korukkupet, Old Washermanpet Chennai, Tamil nadu",MN
Vehicle Theft,"Ambattur, Chennai, Tamil Nadu",N
Vehicle Stolen,"Perambur, Chennai, Tamil Nadu",A
Vehicle Stolen,"Meenambakkam, Chennai, Tamil Nadu",N
Accident,"Injambakkam, Chennai, Tamil Nadu",N
Vehicle Stolen,"Triplicane, Chennai, Tamil Nadu",E
Vehicle Theft,"Tirusulam, Chennai, Tamil Nadu",N
Accident,"Injambakkam, Chennai, Tamil Nadu",M
Vehicle Theft,"Oggiyamduraipakkam, Tamil Nadu",N
Vehicle Stolen,"Mylapore, Chennai, Tamil Nadu",M
Accident,"Vandalur, Tamil Nadu",MN
Vehicle Stolen,"Sholinganallur, Chennai, Tamil Nadu",M
Vehicle Theft,"Tirusulam, Chennai, Tamil Nadu",MN
Vehicle Theft,"Mambalam, Chennai, Tamil Nadu",M
Vehicle Theft,"Oggiyamduraipakkam, Tamil Nadu",M
Vehicle Theft,"Gopalapuram, Chennai, Tamil Nadu",N
Vehicle Stolen,"Taramani, Chennai, Tamil Nadu",N
Vehicle Theft,"Medavakkam, Chennai, Tamil Nadu",E
Accident,"Choolai, Chennai, Tamil Nadu",E
Vehicle Theft,"Ashok Nagar, Chennai, Tamil Nadu",M
Vehicle Theft,"Tondiarpet, Chennai, Tamil Nadu",N
Accident,"Injambakkam, Chennai, Tamil Nadu",MN
Accident,"Choolai, Chennai, Tamil Nadu",M
Vehicle Theft,"Kodambakkam, Chennai, Tamil Nadu",N
Accident,"T. Nagar, Chennai, Tamil Nadu",M
Vehicle Theft,"Oggiyamduraipakkam, Tamil Nadu",M
Vehicle Theft,"Egmore, Chennai, Tamil Nadu",MN
Vehicle Stolen,"K. K. Nagar, Chennai, Tamil Nadu",A
Vehicle Theft,"Madhavaram, Chennai, Tamil Nadu",A
Vehicle Theft,"Sholinganallur, Chennai, Tamil Nadu",M
Vehicle Theft,"Adambakkam, Chennai, Tamil Nadu",MN
Vehicle Stolen,"Perambur, Chennai, Tamil Nadu",M
Accident,"Thoraipakkam, Tamil Nadu",N
Vehicle Theft,"Thiruvika Nagar, Chennai, Tamil Nadu",N
Vehicle Stolen,"Ayanavaram, Chennai, Tamil Nadu",N
Accident,"Guindy, Chennai, Tamil Nadu",MN
Vehicle Stolen,"Mannivakkam, Tamil Nadu",MN
Vehicle Stolen,"Vandalur, Tamil Nadu",E
Vehicle Theft,"Taramani, Chennai, Tamil Nadu",M
Vehicle Theft,"Thiruvika Nagar, Chennai, Tamil Nadu",N
Vehicle Stolen,"Vadapalani, Chennai, Tamil Nadu",M
Vehicle Theft,"Perambur, Chennai, Tamil Nadu",E
Accident,"Tirusulam, Chennai, Tamil Nadu",MN
Accident,"Mambalam, Chennai, Tamil Nadu",M
Vehicle Theft,"Kanathur, Tamil Nadu",M
Vehicle Stolen,"Sholinganallur, Chennai, Tamil Nadu",MN
Vehicle Stolen,"Anna Nagar, Chennai, Tamil Nadu",MN
Vehicle Stolen,"Gopalapuram, Chennai, Tamil Nadu",MN
Vehicle Theft,"Kanathur, Tamil Nadu",A
Vehicle Stolen,"Gopalapuram, Chennai, Tamil Nadu",MN
Accident,"Saidapet, Chennai, Tamil Nadu",A
Vehicle Stolen,"Anna Nagar, Chennai, Tamil Nadu",N
Vehicle Stolen,"Oggiyamduraipakkam, Tamil Nadu",A
Accident,"Royapettah, Chennai, Tamil Nadu",MN
Vehicle Theft,"Mannivakkam, Tamil Nadu",E
Vehicle Theft,"Purasaiwakkam, Chennai, Tamil Nadu",MN
Vehicle Theft,"Adambakkam, Chennai, Tamil Nadu",MN
Accident,"Injambakkam, Chennai, Tamil Nadu",M
Accident,"Royapettah, Chennai, Tamil Nadu",M
Vehicle Theft,"Vandalur, Tamil Nadu",MN
Vehicle Stolen,"Medavakkam, Chennai, Tamil Nadu",MN
Accident,"Madhavaram, Chennai, Tamil Nadu",MN
Vehicle Stolen,"Chetpet, Chennai, Tamil Nadu",A
Accident,"Madhavaram, Chennai, Tamil Nadu",MN
Accident,"Kodungaiyur, Chennai, Tamil Nadu",N
Accident,"Korukkupet, Old Washermanpet Chennai, Tamil nadu",A
Vehicle Theft,"Mambalam, Chennai, Tamil Nadu",MN
Vehicle Theft,"Chetpet, Chennai, Tamil Nadu",MN
Vehicle Theft,"Triplicane, Chennai, Tamil Nadu",E
Accident,"K. K. Nagar, Chennai, Tamil Nadu",MN
Vehicle Stolen,"Egmore, Chennai, Tamil Nadu",M
Accident,"Sholinganallur, Chennai, Tamil Nadu",E
Accident,"Vadapalani, Chennai, Tamil Nadu",MN
Vehicle Theft,"Vyasarpadi, Chennai, Tamil Nadu",A
Vehicle Theft,"Royapettah, Chennai, Tamil Nadu",N
Vehicle Stolen,"Purasaiwakkam, Chennai, Tamil Nadu",E
Vehicle Stolen,"Washermanpet, Chennai, Tamil Nadu",A
Vehicle Theft,"T. Nagar, Chennai, Tamil Nadu",A
Vehicle Stolen,"Adyar, Chennai, Tamil Nadu ",A
Accident,"Egmore, Chennai, Tamil Nadu",E
Accident,"T. Nagar, Chennai, Tamil Nadu",MN
Vehicle Stolen,"Shenoy Nagar, Chennai, Tamil Nadu",M
Accident,"Tirusulam, Chennai, Tamil Nadu",E
Vehicle Theft,"Shenoy Nagar, Chennai, Tamil Nadu",E
Vehicle Stolen,"Ambattur, Chennai, Tamil Nadu",A
Vehicle Theft,"Gopalapuram, Chennai, Tamil Nadu",MN
Vehicle Theft,"Triplicane, Chennai, Tamil Nadu",E
Accident,"T. Nagar, Chennai, Tamil Nadu",MN
Vehicle Theft,"K. K. Nagar, Chennai, Tamil Nadu",A
Accident,"K. K. Nagar, Chennai, Tamil Nadu",N
Vehicle Stolen,"Egmore, Chennai, Tamil Nadu",MN
Vehicle Stolen,"Purasaiwakkam, Chennai, Tamil Nadu",MN
Vehicle Stolen,"Egmore, Chennai, Tamil Nadu",MN
Accident,"Vandalur, Tamil Nadu",MN
Vehicle Theft,"Mannivakkam, Tamil Nadu",N
Vehicle Stolen,"Injambakkam, Chennai, Tamil Nadu",A
Vehicle Theft,"Perambur, Chennai, Tamil Nadu",MN
Vehicle Theft,"Purasaiwakkam, Chennai, Tamil Nadu",E
Vehicle Theft,"Mambalam, Chennai, Tamil Nadu",A
Vehicle Theft,"Adambakkam, Chennai, Tamil Nadu",A
Vehicle Theft,"Injambakkam, Chennai, Tamil Nadu",N
Vehicle Theft,"Medavakkam, Chennai, Tamil Nadu",A
Vehicle Theft,"Chromepet, Chennai, Tamil Nadu",E
Accident,"Sholinganallur, Chennai, Tamil Nadu",MN
Accident,"Vandalur, Tamil Nadu",A
Vehicle Stolen,"Korukkupet, Old Washermanpet Chennai, Tamil nadu",MN
Vehicle Theft,"Perambur, Chennai, Tamil Nadu",N
Vehicle Theft,"Perambur, Chennai, Tamil Nadu",A
Accident,"Nungambakkam, Chennai, Tamil Nadu",E
Vehicle Stolen,"Kodungaiyur, Chennai, Tamil Nadu",E
Vehicle Theft,"Mylapore, Chennai, Tamil Nadu",N
Vehicle Theft,"Vadapalani, Chennai, Tamil Nadu",A
Vehicle Theft,"Nungambakkam, Chennai, Tamil Nadu",MN
Vehicle Stolen,"Ashok Nagar, Chennai, Tamil Nadu",E
Vehicle Stolen,"Pammal, Chennai, Tamil Nadu",A
Vehicle Theft,"Washermanpet, Chennai, Tamil Nadu",M
Accident,"Vandalur, Tamil Nadu",E
Vehicle Stolen,"Korukkupet, Old Washermanpet Chennai, Tamil nadu",A
Vehicle Theft,"Egmore, Chennai, Tamil Nadu",A
Vehicle Stolen,"Tondiarpet, Chennai, Tamil Nadu",MN
Vehicle Stolen,"Pammal, Chennai, Tamil Nadu",N
Accident,"K. K. Nagar, Chennai, Tamil Nadu",N
Vehicle Stolen,"Egmore, Chennai, Tamil Nadu",MN
Accident,"Tirusulam, Chennai, Tamil Nadu",M
Vehicle Theft,"Mannivakkam, Tamil Nadu",A
Accident,"Tirusulam, Chennai, Tamil Nadu",N
Vehicle Stolen,"Chetpet, Chennai, Tamil Nadu",N
Vehicle Theft,"Guindy, Chennai, Tamil Nadu",M
Vehicle Theft,"K. K. Nagar, Chennai, Tamil Nadu",N
Accident,"Royapettah, Chennai, Tamil Nadu",E
Vehicle Stolen,"Tirusulam, Chennai, Tamil Nadu",MN
Vehicle Theft,"Park Town, Chennai, Tamil Nadu",A
Vehicle Stolen,"Ashok Nagar, Chennai, Tamil Nadu",E
Vehicle Theft,"Injambakkam, Chennai, Tamil Nadu",A
Vehicle Theft,"Kanathur, Tamil Nadu",MN
Vehicle Theft,"Kanathur, Tamil Nadu",MN
Vehicle Theft,"Pammal, Chennai, Tamil Nadu",E
Accident,"Kodungaiyur, Chennai, Tamil Nadu",E
Vehicle Theft,"Taramani, Chennai, Tamil Nadu",MN
Vehicle Theft,"Nungambakkam, Chennai, Tamil Nadu",M
Vehicle Stolen,"Saidapet, Chennai, Tamil Nadu",E
Vehicle Stolen,"Vandalur, Tamil Nadu",A
Vehicle Theft,"Medavakkam, Chennai, Tamil Nadu",A
Vehicle Theft,"Ambattur, Chennai, Tamil Nadu",MN
Vehicle Theft,"Mannivakkam, Tamil Nadu",MN
Vehicle Stolen,"Tondiarpet, Chennai, Tamil Nadu",A
Vehicle Theft,"Perambur, Chennai, Tamil Nadu",N
Vehicle Theft,"Adyar, Chennai, Tamil Nadu ",MN
Vehicle Theft,"Ambattur, Chennai, Tamil Nadu",A
Vehicle Stolen,"Adambakkam, Chennai, Tamil Nadu",MN
Vehicle Stolen,"Kodambakkam, Chennai, Tamil Nadu",N
Vehicle Theft,"Gopalapuram, Chennai, Tamil Nadu",M
Vehicle Stolen,"Teynampet, Chennai, Tamil Nadu",M
Vehicle Theft,"Kanathur, Tamil Nadu",M
Accident,"Madhavaram, Chennai, Tamil Nadu",A
Vehicle Theft,"Kanathur, Tamil Nadu",E
Accident,"Kodungaiyur, Chennai, Tamil Nadu",M
Vehicle Stolen,"Ayanavaram, Chennai, Tamil Nadu",A
Vehicle Theft,"Triplicane, Chennai, Tamil Nadu",A
Accident,"Nungambakkam, Chennai, Tamil Nadu",MN
Vehicle Theft,"Adambakkam, Chennai, Tamil Nadu",MN
Vehicle Stolen,"Kodambakkam, Chennai, Tamil Nadu",MN
Vehicle Theft,"Gopalapuram, Chennai, Tamil Nadu",M
Accident,"Kodambakkam, Chennai, Tamil Nadu",M
Vehicle Stolen,"Ambattur, Chennai, Tamil Nadu",MN
Vehicle Theft,"Oggiyamduraipakkam, Tamil Nadu",A
Vehicle Stolen,"Taramani, Chennai, Tamil Nadu",E
Vehicle Stolen,"Mannivakkam, Tamil Nadu",M
Vehicle Theft,"Park Town, Chennai, Tamil Nadu",MN
Vehicle Stolen,"Park Town, Chennai, Tamil Nadu",M
Vehicle Stolen,"Park Town, Chennai, Tamil Nadu",E
Vehicle Theft,"Korukkupet, Old Washermanpet Chennai, Tamil nadu",MN
Accident,"Oggiyamduraipakkam, Tamil Nadu",A
Accident,"Perambur, Chennai, Tamil Nadu",MN
Vehicle Stolen,"Adyar, Chennai, Tamil Nadu ",MN
Accident,"Purasaiwakkam, Chennai, Tamil Nadu",MN
Vehicle Stolen,"Royapettah, Chennai, Tamil Nadu",M
Vehicle Theft,"Adyar, Chennai, Tamil Nadu ",E
Vehicle Stolen,"Chromepet, Chennai, Tamil Nadu",M
Vehicle Theft,"Thiruvika Nagar, Chennai, Tamil Nadu",A
Accident,"Medavakkam, Chennai, Tamil Nadu",N
Vehicle Theft,"Meenambakkam, Chennai, Tamil Nadu",A
Vehicle Theft,"Purasaiwakkam, Chennai, Tamil Nadu",MN
Vehicle Stolen,"Kanathur, Tamil Nadu",M
Accident,"Egmore, Chennai, Tamil Nadu",MN
Vehicle Theft,"Choolai, Chennai, Tamil Nadu",MN
Accident,"Triplicane, Chennai, Tamil Nadu",E
Vehicle Theft,"Guindy, Chennai, Tamil Nadu",M
Vehicle Theft,"Egmore, Chennai, Tamil Nadu",N
Accident,"Vadapalani, Chennai, Tamil Nadu",A
Accident,"Park Town, Chennai, Tamil Nadu",E
Accident,"Alandur, Chennai, Tamil Nadu",MN
Vehicle Stolen,"Mudichur, Tamil Nadu",MN
Vehicle Stolen,"Chromepet, Chennai, Tamil Nadu",M
Vehicle Stolen,"Madhavaram, Chennai, Tamil Nadu",A
Vehicle Theft,"Shenoy Nagar, Chennai, Tamil Nadu",N
Vehicle Stolen,"Choolai, Chennai, Tamil Nadu",A
Vehicle Theft,"Saidapet, Chennai, Tamil Nadu",MN
Accident,"Perambur, Chennai, Tamil Nadu",E
Vehicle Theft,"Vandalur, Tamil Nadu",M
Vehicle Stolen,"Saidapet, Chennai, Tamil Nadu",M
Vehicle Theft,"Kodungaiyur, Chennai, Tamil Nadu",A
Vehicle Stolen,"Taramani, Chennai, Tamil Nadu",M
Vehicle Stolen,"Medavakkam, Chennai, Tamil Nadu",A
Vehicle Stolen,"Ashok Nagar, Chennai, Tamil Nadu",A
Vehicle Theft,"Washermanpet, Chennai, Tamil Nadu",A
Accident,"Vandalur, Tamil Nadu",MN
Vehicle Stolen,"Adyar, Chennai, Tamil Nadu ",M
Vehicle Stolen,"Triplicane, Chennai, Tamil Nadu",E
Accident,"Mudichur, Tamil Nadu",M
Vehicle Stolen,"Royapettah, Chennai, Tamil Nadu",M
Vehicle Theft,"Chetpet, Chennai, Tamil Nadu",MN
Accident,"Ambattur, Chennai, Tamil Nadu",MN
Vehicle Theft,"Ashok Nagar, Chennai, Tamil Nadu",A
Vehicle Theft,"Perambur, Chennai, Tamil Nadu",M
Vehicle Stolen,"Choolai, Chennai, Tamil Nadu",M
Vehicle Theft,"Washermanpet, Chennai, Tamil Nadu",M
Vehicle Theft,"Ayanavaram, Chennai, Tamil Nadu",E
Vehicle Theft,"Ambattur, Chennai, Tamil Nadu",M
Accident,"Kanathur, Tamil Nadu",E
Accident,"Teynampet, Chennai, Tamil Nadu",N
Vehicle Stolen,"Kodambakkam, Chennai, Tamil Nadu",A
Vehicle Theft,"K. K. Nagar, Chennai, Tamil Nadu",M
Vehicle Theft,"Meenambakkam, Chennai, Tamil Nadu",MN
Vehicle Stolen,"Alandur, Chennai, Tamil Nadu",A
Vehicle Theft,"Meenambakkam, Chennai, Tamil Nadu",MN
Vehicle Theft,"Ashok Nagar, Chennai, Tamil Nadu",A
Vehicle Theft,"Ashok Nagar, Chennai, Tamil Nadu",M
Vehicle Stolen,"Choolai, Chennai, Tamil Nadu",M
Vehicle Stolen,"Adambakkam, Chennai, Tamil Nadu",MN
Vehicle Stolen,"Teynampet, Chennai, Tamil Nadu",A
Vehicle Theft,"Washermanpet, Chennai, Tamil Nadu",MN
Accident,"Saidapet, Chennai, Tamil Nadu",N
Vehicle Theft,"Adyar, Chennai, Tamil Nadu ",MN
Accident,"Chromepet, Chennai, Tamil Nadu",MN
Vehicle Stolen,"T. Nagar, Chennai, Tamil Nadu",M
Vehicle Stolen,"Pammal, Chennai, Tamil Nadu",MN
Vehicle Stolen,"Nungambakkam, Chennai, Tamil Nadu",M
Accident,"Purasaiwakkam, Chennai, Tamil Nadu",M
Vehicle Stolen,"Choolai, Chennai, Tamil Nadu",A
Vehicle Stolen,"Mylapore, Chennai, Tamil Nadu",M
Vehicle Theft,"Perambur, Chennai, Tamil Nadu",MN
Vehicle Theft,"Adyar, Chennai, Tamil Nadu ",M
Vehicle Stolen,"Mambalam, Chennai, Tamil Nadu",M
Vehicle Stolen,"Chromepet, Chennai, Tamil Nadu",A
Vehicle Theft,"Chromepet, Chennai, Tamil Nadu",M
Accident,"Sholinganallur, Chennai, Tamil Nadu",A
Vehicle Theft,"Choolai, Chennai, Tamil Nadu",MN
Accident,"Meenambakkam, Chennai, Tamil Nadu",N
Vehicle Theft,"Vyasarpadi, Chennai, Tamil Nadu",M
Vehicle Theft,"Sholinganallur, Chennai, Tamil Nadu",A
Accident,"Nungambakkam, Chennai, Tamil Nadu",N
Accident,"Washermanpet, Chennai, Tamil Nadu",A
Vehicle Stolen,"Sholinganallur, Chennai, Tamil Nadu",M
Vehicle Stolen,"Madhavaram, Chennai, Tamil Nadu",M
Accident,"Chromepet, Chennai, Tamil Nadu",A
Accident,"Korukkupet, Old Washermanpet Chennai, Tamil nadu",A
Vehicle Theft,"Vandalur, Tamil Nadu",E
Vehicle Theft,"Sholinganallur, Chennai, Tamil Nadu",A
Vehicle Stolen,"Kanathur, Tamil Nadu",M
Vehicle Theft,"Anna Nagar, Chennai, Tamil Nadu",MN
Accident,"Anna Nagar, Chennai, Tamil Nadu",A
Vehicle Theft,"Mylapore, Chennai, Tamil Nadu",A
Accident,"Chetpet, Chennai, Tamil Nadu",N
Accident,"Kodambakkam, Chennai, Tamil Nadu",MN
Vehicle Theft,"Thiruvika Nagar, Chennai, Tamil Nadu",E
Vehicle Theft,"Chetpet, Chennai, Tamil Nadu",A
Vehicle Theft,"Vandalur, Tamil Nadu",N
Vehicle Stolen,"Anna Nagar, Chennai, Tamil Nadu",N
Vehicle Stolen,"Gopalapuram, Chennai, Tamil Nadu",A
Vehicle Stolen,"Vyasarpadi, Chennai, Tamil Nadu",A
Accident,"Meenambakkam, Chennai, Tamil Nadu",M
Vehicle Theft,"Park Town, Chennai, Tamil Nadu",A
Accident,"Meenambakkam, Chennai, Tamil Nadu",E
Accident,"Mudichur, Tamil Nadu",MN
Vehicle Stolen,"Teynampet, Chennai, Tamil Nadu",M
Vehicle Stolen,"Teynampet, Chennai, Tamil Nadu",MN
Vehicle Theft,"Chetpet, Chennai, Tamil Nadu",M
Accident,"Kodungaiyur, Chennai, Tamil Nadu",A
Vehicle Theft,"Mudichur, Tamil Nadu",M
Accident,"Guindy, Chennai, Tamil Nadu",A
Vehicle Theft,"Injambakkam, Chennai, Tamil Nadu",N
Vehicle Theft,"Chromepet, Chennai, Tamil Nadu",E
Vehicle Theft,"Anna Nagar, Chennai, Tamil Nadu",MN
Accident,"Ayanavaram, Chennai, Tamil Nadu",E
Vehicle Theft,"Adyar, Chennai, Tamil Nadu ",A
Vehicle Stolen,"Ayanavaram, Chennai, Tamil Nadu",A
Vehicle Stolen,"Vadapalani, Chennai, Tamil Nadu",M
Vehicle Theft,"Ashok Nagar, Chennai, Tamil Nadu",N
Vehicle Theft,"Tondiarpet, Chennai, Tamil Nadu",MN
Vehicle Theft,"Triplicane, Chennai, Tamil Nadu",N
Vehicle Theft,"Adyar, Chennai, Tamil Nadu ",A
Accident,"Pammal, Chennai, Tamil Nadu",A
Vehicle Theft,"Oggiyamduraipakkam, Tamil Nadu",M
Accident,"Tirusulam, Chennai, Tamil Nadu",N
Vehicle Stolen,"Oggiyamduraipakkam, Tamil Nadu",M
Vehicle Theft,"Kanathur, Tamil Nadu",N
Accident,"Tirusulam, Chennai, Tamil Nadu",M
Accident,"Tondiarpet, Chennai, Tamil Nadu",N
Vehicle Theft,"Tondiarpet, Chennai, Tamil Nadu",MN
Vehicle Stolen,"Medavakkam, Chennai, Tamil Nadu",M
Vehicle Stolen,"Gopalapuram, Chennai, Tamil Nadu",MN
Accident,"Ashok Nagar, Chennai, Tamil Nadu",MN
Accident,"Washermanpet, Chennai, Tamil Nadu",N
Vehicle Theft,"Tondiarpet, Chennai, Tamil Nadu",N
Vehicle Stolen,"Egmore, Chennai, Tamil Nadu",N
Vehicle Theft,"Triplicane, Chennai, Tamil Nadu",A
Vehicle Theft,"Perambur, Chennai, Tamil Nadu",MN
Vehicle Stolen,"K. K. Nagar, Chennai, Tamil Nadu",N
Accident,"Adyar, Chennai, Tamil Nadu ",A
Vehicle Theft,"Triplicane, Chennai, Tamil Nadu",N
Vehicle Theft,"Purasaiwakkam, Chennai, Tamil Nadu",MN
Accident,"Saidapet, Chennai, Tamil Nadu",E
Vehicle Theft,"Saidapet, Chennai, Tamil Nadu",A
Accident,"Kodungaiyur, Chennai, Tamil Nadu",E
Vehicle Stolen,"Triplicane, Chennai, Tamil Nadu",A
Accident,"Vyasarpadi, Chennai, Tamil Nadu",MN
Accident,"Ashok Nagar, Chennai, Tamil Nadu",N
Vehicle Stolen,"Royapettah, Chennai, Tamil Nadu",MN
Accident,"Saidapet, Chennai, Tamil Nadu",MN
Accident,"Kanathur, Tamil Nadu",A
Accident,"Washermanpet, Chennai, Tamil Nadu",MN
Vehicle Stolen,"Mylapore, Chennai, Tamil Nadu",A
Vehicle Theft,"Triplicane, Chennai, Tamil Nadu",N
Vehicle Stolen,"Mambalam, Chennai, Tamil Nadu",MN
Vehicle Stolen,"K. K. Nagar, Chennai, Tamil Nadu",M
Vehicle Theft,"Kodungaiyur, Chennai, Tamil Nadu",N
Vehicle Stolen,"Chetpet, Chennai, Tamil Nadu",MN
Vehicle Stolen,"Mannivakkam, Tamil Nadu",A
Vehicle Stolen,"Chromepet, Chennai, Tamil Nadu",N
Vehicle Stolen,"Alandur, Chennai, Tamil Nadu",N
Accident,"Nungambakkam, Chennai, Tamil Nadu",N
Vehicle Theft,"Adambakkam, Chennai, Tamil Nadu",N
Vehicle Theft,"Chetpet, Chennai, Tamil Nadu",MN
Vehicle Stolen,"Saidapet, Chennai, Tamil Nadu",M
Vehicle Stolen,"Kanathur, Tamil Nadu",M
Accident,"Pammal, Chennai, Tamil Nadu",M
Accident,"Vyasarpadi, Chennai, Tamil Nadu",N
Vehicle Theft,"Vyasarpadi, Chennai, Tamil Nadu",A
Accident,"Medavakkam, Chennai, Tamil Nadu",M
Accident,"Chetpet, Chennai, Tamil Nadu",A
Vehicle Stolen,"Egmore, Chennai, Tamil Nadu",E
Accident,"Royapettah, Chennai, Tamil Nadu",M
Vehicle Stolen,"Mudichur, Tamil Nadu",E
Vehicle Theft,"Mambalam, Chennai, Tamil Nadu",N
Vehicle Theft,"Madhavaram, Chennai, Tamil Nadu",E
Vehicle Stolen,"Ayanavaram, Chennai, Tamil Nadu",A
Vehicle Theft,"Teynampet, Chennai, Tamil Nadu",MN
Accident,"Ayanavaram, Chennai, Tamil Nadu",E
Vehicle Theft,"Meenambakkam, Chennai, Tamil Nadu",N
Vehicle Stolen,"T. Nagar, Chennai, Tamil Nadu",MN
Accident,"Vandalur, Tamil Nadu",N
Vehicle Stolen,"Nungambakkam, Chennai, Tamil Nadu",M
Vehicle Theft,"Injambakkam, Chennai, Tamil Nadu",A
Vehicle Stolen,"Pammal, Chennai, Tamil Nadu",MN
Vehicle Theft,"Anna Nagar, Chennai, Tamil Nadu",A
Accident,"Perambur, Chennai, Tamil Nadu",A
Vehicle Theft,"Vadapalani, Chennai, Tamil Nadu",A
Vehicle Theft,"Ashok Nagar, Chennai, Tamil Nadu",M
Vehicle Theft,"Chromepet, Chennai, Tamil Nadu",A
Vehicle Stolen,"Egmore, Chennai, Tamil Nadu",A
Vehicle Stolen,"Adambakkam, Chennai, Tamil Nadu",E
Accident,"Ashok Nagar, Chennai, Tamil Nadu",MN
Vehicle Theft,"T. Nagar, Chennai, Tamil Nadu",M
Vehicle Theft,"Mambalam, Chennai, Tamil Nadu",N
Vehicle Stolen,"Purasaiwakkam, Chennai, Tamil Nadu",MN
Accident,"T. Nagar, Chennai, Tamil Nadu",MN
Vehicle Theft,"Thiruvika Nagar, Chennai, Tamil Nadu",E
Vehicle Stolen,"Taramani, Chennai, Tamil Nadu",MN
Vehicle Theft,"Taramani, Chennai, Tamil Nadu",N
Accident,"Thoraipakkam, Tamil Nadu",A
Vehicle Theft,"Ambattur, Chennai, Tamil Nadu",A
Vehicle Theft,"Purasaiwakkam, Chennai, Tamil Nadu",MN
Accident,"Shenoy Nagar, Chennai, Tamil Nadu",A
Accident,"Adyar, Chennai, Tamil Nadu ",MN
Vehicle Theft,"Triplicane, Chennai, Tamil Nadu",A
Vehicle Theft,"Perambur, Chennai, Tamil Nadu",A
Accident,"Kanathur, Tamil Nadu",M
Accident,"Taramani, Chennai, Tamil Nadu",MN
Vehicle Stolen,"Egmore, Chennai, Tamil Nadu",M
Vehicle Theft,"Mambalam, Chennai, Tamil Nadu",A
Accident,"Ashok Nagar, Chennai, Tamil Nadu",E
Accident,"Ambattur, Chennai, Tamil Nadu",A
Vehicle Stolen,"T. Nagar, Chennai, Tamil Nadu",E
Accident,"Tondiarpet, Chennai, Tamil Nadu",A
Vehicle Theft,"Ayanavaram, Chennai, Tamil Nadu",M
Accident,"Triplicane, Chennai, Tamil Nadu",N
Accident,"Meenambakkam, Chennai, Tamil Nadu",M
Vehicle Stolen,"Washermanpet, Chennai, Tamil Nadu",M
Accident,"Taramani, Chennai, Tamil Nadu",M
Accident,"T. Nagar, Chennai, Tamil Nadu",A
Accident,"Tondiarpet, Chennai, Tamil Nadu",MN
Accident,"Ashok Nagar, Chennai, Tamil Nadu",MN
Vehicle Theft,"Guindy, Chennai, Tamil Nadu",M
Vehicle Stolen,"Choolai, Chennai, Tamil Nadu",M
Vehicle Stolen,"Sholinganallur, Chennai, Tamil Nadu",MN
Vehicle Theft,"T. Nagar, Chennai, Tamil Nadu",M
Vehicle Theft,"Nungambakkam, Chennai, Tamil Nadu",N
Vehicle Stolen,"Perambur, Chennai, Tamil Nadu",A
Vehicle Theft,"Kanathur, Tamil Nadu",N
Vehicle Stolen,"Kodungaiyur, Chennai, Tamil Nadu",M
Vehicle Stolen,"Injambakkam, Chennai, Tamil Nadu",A
Accident,"Injambakkam, Chennai, Tamil Nadu",MN
Vehicle Theft,"Perambur, Chennai, Tamil Nadu",MN
Vehicle Stolen,"K. K. Nagar, Chennai, Tamil Nadu",N
Accident,"Alandur, Chennai, Tamil Nadu",M
Accident,"Mambalam, Chennai, Tamil Nadu",MN
Vehicle Stolen,"Royapettah, Chennai, Tamil Nadu",M
Accident,"Pammal, Chennai, Tamil Nadu",M
Vehicle Stolen,"Adambakkam, Chennai, Tamil Nadu",A
Vehicle Stolen,"Thoraipakkam, Tamil Nadu",A
Vehicle Theft,"Mannivakkam, Tamil Nadu",M
Vehicle Stolen,"Medavakkam, Chennai, Tamil Nadu",MN
Vehicle Theft,"Meenambakkam, Chennai, Tamil Nadu",MN
Vehicle Stolen,"Egmore, Chennai, Tamil Nadu",MN
Vehicle Stolen,"Chetpet, Chennai, Tamil Nadu",MN
Vehicle Stolen,"Purasaiwakkam, Chennai, Tamil Nadu",MN
Vehicle Stolen,"Gopalapuram, Chennai, Tamil Nadu",M
Vehicle Theft,"Vadapalani, Chennai, Tamil Nadu",N
Accident,"Korukkupet, Old Washermanpet Chennai, Tamil nadu",E
Accident,"Mambalam, Chennai, Tamil Nadu",A
Vehicle Theft,"Egmore, Chennai, Tamil Nadu",M
Vehicle Theft,"Injambakkam, Chennai, Tamil Nadu",A
Vehicle Stolen,"Meenambakkam, Chennai, Tamil Nadu",N
Accident,"Nungambakkam, Chennai, Tamil Nadu",N
Vehicle Stolen,"K. K. Nagar, Chennai, Tamil Nadu",MN
Vehicle Stolen,"Thiruvika Nagar, Chennai, Tamil Nadu",A
Accident,"Kanathur, Tamil Nadu",E
Vehicle Theft,"Ambattur, Chennai, Tamil Nadu",E
Accident,"Thoraipakkam, Tamil Nadu",A
Vehicle Stolen,"Pammal, Chennai, Tamil Nadu",MN
Vehicle Stolen,"Gopalapuram, Chennai, Tamil Nadu",M
Vehicle Stolen,"Ashok Nagar, Chennai, Tamil Nadu",MN
Vehicle Stolen,"Guindy, Chennai, Tamil Nadu",A
Vehicle Theft,"Kanathur, Tamil Nadu",N
Vehicle Stolen,"Tondiarpet, Chennai, Tamil Nadu",A
Accident,"Chetpet, Chennai, Tamil Nadu",E
Vehicle Theft,"Pammal, Chennai, Tamil Nadu",N
Vehicle Stolen,"Mudichur, Tamil Nadu",N
Vehicle Stolen,"Mudichur, Tamil Nadu",M
Vehicle Stolen,"Choolai, Chennai, Tamil Nadu",E
Accident,"Vadapalani, Chennai, Tamil Nadu",MN
Accident,"Korukkupet, Old Washermanpet Chennai, Tamil nadu",MN
Vehicle Stolen,"Ashok Nagar, Chennai, Tamil Nadu",N
Vehicle Theft,"Triplicane, Chennai, Tamil Nadu",M
Vehicle Theft,"K. K. Nagar, Chennai, Tamil Nadu",A
Accident,"Royapettah, Chennai, Tamil Nadu",A
Vehicle Stolen,"Tirusulam, Chennai, Tamil Nadu",E
Vehicle Theft,"Ayanavaram, Chennai, Tamil Nadu",A
Vehicle Stolen,"Adyar, Chennai, Tamil Nadu ",E
Vehicle Theft,"Alandur, Chennai, Tamil Nadu",A
Vehicle Stolen,"Adyar, Chennai, Tamil Nadu ",MN
Vehicle Stolen,"Pammal, Chennai, Tamil Nadu",E
Accident,"Perambur, Chennai, Tamil Nadu",N
Vehicle Stolen,"Tondiarpet, Chennai, Tamil Nadu",N
Vehicle Theft,"Royapettah, Chennai, Tamil Nadu",MN
Vehicle Stolen,"Chetpet, Chennai, Tamil Nadu",MN
Accident,"Korukkupet, Old Washermanpet Chennai, Tamil nadu",M
Vehicle Stolen,"Gopalapuram, Chennai, Tamil Nadu",MN
Vehicle Stolen,"Korukkupet, Old Washermanpet Chennai, Tamil nadu",M
Accident,"Korukkupet, Old Washermanpet Chennai, Tamil nadu",A
Vehicle Stolen,"K. K. Nagar, Chennai, Tamil Nadu",N
Vehicle Stolen,"Mannivakkam, Tamil Nadu",A
Accident,"Kodambakkam, Chennai, Tamil Nadu",M
Vehicle Theft,"Park Town, Chennai, Tamil Nadu",E
Vehicle Theft,"Adyar, Chennai, Tamil Nadu ",M
Accident,"Taramani, Chennai, Tamil Nadu",E
Vehicle Theft,"Vyasarpadi, Chennai, Tamil Nadu",M
Accident,"Korukkupet, Old Washermanpet Chennai, Tamil nadu",M
Vehicle Theft,"Gopalapuram, Chennai, Tamil Nadu",MN
Vehicle Stolen,"Park Town, Chennai, Tamil Nadu",E
Vehicle Stolen,"Ashok Nagar, Chennai, Tamil Nadu",M
Vehicle Stolen,"Taramani, Chennai, Tamil Nadu",MN
Vehicle Stolen,"Kanathur, Tamil Nadu",MN
Vehicle Theft,"Adambakkam, Chennai, Tamil Nadu",MN
Vehicle Stolen,"Mannivakkam, Tamil Nadu",M
Vehicle Theft,"Perambur, Chennai, Tamil Nadu",A
Accident,"Medavakkam, Chennai, Tamil Nadu",M
Accident,"Vandalur, Tamil Nadu",MN
Accident,"Ayanavaram, Chennai, Tamil Nadu",M
Vehicle Theft,"Oggiyamduraipakkam, Tamil Nadu",MN
Vehicle Stolen,"Kodambakkam, Chennai, Tamil Nadu",A
Vehicle Stolen,"Chromepet, Chennai, Tamil Nadu",MN
Accident,"Thiruvika Nagar, Chennai, Tamil Nadu",N
Vehicle Theft,"Mambalam, Chennai, Tamil Nadu",N
Accident,"Saidapet, Chennai, Tamil Nadu",MN
Vehicle Stolen,"Madhavaram, Chennai, Tamil Nadu",M
Vehicle Theft,"Thiruvika Nagar, Chennai, Tamil Nadu",M
Vehicle Stolen,"Washermanpet, Chennai, Tamil Nadu",M
Accident,"Madhavaram, Chennai, Tamil Nadu",A
Accident,"Injambakkam, Chennai, Tamil Nadu",MN
Accident,"Thiruvika Nagar, Chennai, Tamil Nadu",M
Vehicle Theft,"Thoraipakkam, Tamil Nadu",M
Vehicle Stolen,"Ayanavaram, Chennai, Tamil Nadu",M
Vehicle Theft,"Vandalur, Tamil Nadu",N
Vehicle Stolen,"Ayanavaram, Chennai, Tamil Nadu",A
Vehicle Stolen,"Teynampet, Chennai, Tamil Nadu",N
Vehicle Stolen,"Park Town, Chennai, Tamil Nadu",E
Accident,"Sholinganallur, Chennai, Tamil Nadu",N
Accident,"Washermanpet, Chennai, Tamil Nadu",M
Vehicle Theft,"Kodambakkam, Chennai, Tamil Nadu",N
Vehicle Stolen,"Mudichur, Tamil Nadu",MN
Accident,"Mudichur, Tamil Nadu",M
Accident,"Kanathur, Tamil Nadu",MN
Vehicle Stolen,"Meenambakkam, Chennai, Tamil Nadu",E
Vehicle Stolen,"Thoraipakkam, Tamil Nadu",M
Vehicle Theft,"Purasaiwakkam, Chennai, Tamil Nadu",MN
Vehicle Stolen,"Saidapet, Chennai, Tamil Nadu",A
Vehicle Theft,"Purasaiwakkam, Chennai, Tamil Nadu",A
Vehicle Stolen,"Ayanavaram, Chennai, Tamil Nadu",E
Accident,"Mannivakkam, Tamil Nadu",MN
Vehicle Theft,"Ashok Nagar, Chennai, Tamil Nadu",MN
Vehicle Theft,"Saidapet, Chennai, Tamil Nadu",MN
Vehicle Stolen,"Chromepet, Chennai, Tamil Nadu",A
Accident,"Vyasarpadi, Chennai, Tamil Nadu",M
Vehicle Stolen,"Mudichur, Tamil Nadu",N
Accident,"Kodungaiyur, Chennai, Tamil Nadu",E
Vehicle Stolen,"Thoraipakkam, Tamil Nadu",MN
Vehicle Theft,"Thoraipakkam, Tamil Nadu",MN
Accident,"Injambakkam, Chennai, Tamil Nadu",A
Vehicle Theft,"Shenoy Nagar, Chennai, Tamil Nadu",MN
Accident,"T. Nagar, Chennai, Tamil Nadu",MN
Vehicle Stolen,"Guindy, Chennai, Tamil Nadu",MN
Vehicle Stolen,"Meenambakkam, Chennai, Tamil Nadu",N
Vehicle Theft,"Oggiyamduraipakkam, Tamil Nadu",MN
Accident,"Pammal, Chennai, Tamil Nadu",MN
Accident,"Guindy, Chennai, Tamil Nadu",MN
Vehicle Theft,"Vandalur, Tamil Nadu",N
Vehicle Stolen,"Teynampet, Chennai, Tamil Nadu",A
Vehicle Stolen,"Perambur, Chennai, Tamil Nadu",MN
Accident,"Adyar, Chennai, Tamil Nadu ",MN
Vehicle Theft,"Alandur, Chennai, Tamil Nadu",E
Accident,"Shenoy Nagar, Chennai, Tamil Nadu",M
Vehicle Theft,"Choolai, Chennai, Tamil Nadu",A
Vehicle Stolen,"Madhavaram, Chennai, Tamil Nadu",N
Accident,"Gopalapuram, Chennai, Tamil Nadu",MN
Vehicle Stolen,"T. Nagar, Chennai, Tamil Nadu",MN
Vehicle Theft,"Sholinganallur, Chennai, Tamil Nadu",M
Vehicle Theft,"Ambattur, Chennai, Tamil Nadu",M
Vehicle Stolen,"T. Nagar, Chennai, Tamil Nadu",M
Vehicle Theft,"Madhavaram, Chennai, Tamil Nadu",N
Vehicle Theft,"Kodungaiyur, Chennai, Tamil Nadu",MN
Vehicle Stolen,"Mudichur, Tamil Nadu",A
Vehicle Stolen,"Korukkupet, Old Washermanpet Chennai, Tamil nadu",A
Accident,"Ayanavaram, Chennai, Tamil Nadu",N
Vehicle Stolen,"Egmore, Chennai, Tamil Nadu",MN
Vehicle Stolen,"Adambakkam, Chennai, Tamil Nadu",MN
Accident,"Purasaiwakkam, Chennai, Tamil Nadu",MN
Vehicle Stolen,"Chetpet, Chennai, Tamil Nadu",M
Vehicle Stolen,"Park Town, Chennai, Tamil Nadu",M
Vehicle Stolen,"Perambur, Chennai, Tamil Nadu",E
Accident,"Shenoy Nagar, Chennai, Tamil Nadu",N
Vehicle Theft,"Sholinganallur, Chennai, Tamil Nadu",MN
Accident,"Vyasarpadi, Chennai, Tamil Nadu",A
Vehicle Theft,"Kodungaiyur, Chennai, Tamil Nadu",N
Vehicle Theft,"Washermanpet, Chennai, Tamil Nadu",A
Accident,"Sholinganallur, Chennai, Tamil Nadu",E
Vehicle Theft,"Tondiarpet, Chennai, Tamil Nadu",N
Vehicle Theft,"Tondiarpet, Chennai, Tamil Nadu",M
Accident,"Chromepet, Chennai, Tamil Nadu",E
Vehicle Theft,"Egmore, Chennai, Tamil Nadu",A
Vehicle Theft,"K. K. Nagar, Chennai, Tamil Nadu",E
Accident,"Vyasarpadi, Chennai, Tamil Nadu",M
Vehicle Stolen,"Gopalapuram, Chennai, Tamil Nadu",A
Vehicle Stolen,"Mudichur, Tamil Nadu",MN
Vehicle Theft,"Oggiyamduraipakkam, Tamil Nadu",A
Vehicle Stolen,"Nungambakkam, Chennai, Tamil Nadu",N
Vehicle Theft,"Meenambakkam, Chennai, Tamil Nadu",MN
Vehicle Theft,"Meenambakkam, Chennai, Tamil Nadu",A
Vehicle Theft,"Choolai, Chennai, Tamil Nadu",E
Vehicle Stolen,"Triplicane, Chennai, Tamil Nadu",M
Vehicle Stolen,"Nungambakkam, Chennai, Tamil Nadu",N
Accident,"Ambattur, Chennai, Tamil Nadu",MN
Vehicle Stolen,"Korukkupet, Old Washermanpet Chennai, Tamil nadu",M
Vehicle Theft,"Sholinganallur, Chennai, Tamil Nadu",E
Accident,"Tirusulam, Chennai, Tamil Nadu",N
Vehicle Theft,"Alandur, Chennai, Tamil Nadu",MN
Vehicle Stolen,"Chetpet, Chennai, Tamil Nadu",E
Accident,"Ashok Nagar, Chennai, Tamil Nadu",A
Vehicle Theft,"Anna Nagar, Chennai, Tamil Nadu",MN
Accident,"K. K. Nagar, Chennai, Tamil Nadu",A
Vehicle Theft,"Egmore, Chennai, Tamil Nadu",MN
Vehicle Theft,"Tirusulam, Chennai, Tamil Nadu",E
Vehicle Theft,"Ashok Nagar, Chennai, Tamil Nadu",MN
Accident,"Ashok Nagar, Chennai, Tamil Nadu",MN
Accident,"Triplicane, Chennai, Tamil Nadu",MN
Vehicle Theft,"Tirusulam, Chennai, Tamil Nadu",N
Accident,"Ashok Nagar, Chennai, Tamil Nadu",M
Accident,"Kodambakkam, Chennai, Tamil Nadu",MN
Vehicle Theft,"Mudichur, Tamil Nadu",MN
Accident,"Mambalam, Chennai, Tamil Nadu",N
Accident,"Ayanavaram, Chennai, Tamil Nadu",M
Vehicle Stolen,"Royapettah, Chennai, Tamil Nadu",A
Accident,"Medavakkam, Chennai, Tamil Nadu",N
Vehicle Theft,"Oggiyamduraipakkam, Tamil Nadu",MN
Accident,"Kodungaiyur, Chennai, Tamil Nadu",MN
Vehicle Stolen,"Purasaiwakkam, Chennai, Tamil Nadu",M
Vehicle Theft,"Ashok Nagar, Chennai, Tamil Nadu",N
Vehicle Theft,"Shenoy Nagar, Chennai, Tamil Nadu",M
Vehicle Theft,"Choolai, Chennai, Tamil Nadu",M
Vehicle Stolen,"Sholinganallur, Chennai, Tamil Nadu",E
Accident,"Royapettah, Chennai, Tamil Nadu",N
Vehicle Theft,"Alandur, Chennai, Tamil Nadu",A
Vehicle Theft,"Ayanavaram, Chennai, Tamil Nadu",M
Accident,"Tirusulam, Chennai, Tamil Nadu",E
Accident,"Ashok Nagar, Chennai, Tamil Nadu",E
Accident,"Oggiyamduraipakkam, Tamil Nadu",A
Vehicle Theft,"Park Town, Chennai, Tamil Nadu",N
Accident,"Ashok Nagar, Chennai, Tamil Nadu",N
Vehicle Theft,"Vadapalani, Chennai, Tamil Nadu",N
Vehicle Theft,"Chetpet, Chennai, Tamil Nadu",N
Vehicle Theft,"Nungambakkam, Chennai, Tamil Nadu",MN
Vehicle Theft,"Alandur, Chennai, Tamil Nadu",A
Accident,"Kodambakkam, Chennai, Tamil Nadu",N
Vehicle Stolen,"Tirusulam, Chennai, Tamil Nadu",E
Accident,"Pammal, Chennai, Tamil Nadu",MN
Vehicle Stolen,"Teynampet, Chennai, Tamil Nadu",E
Vehicle Stolen,"Sholinganallur, Chennai, Tamil Nadu",A
Vehicle Stolen,"Pammal, Chennai, Tamil Nadu",MN
Accident,"Oggiyamduraipakkam, Tamil Nadu",MN
Vehicle Stolen,"Purasaiwakkam, Chennai, Tamil Nadu",M
Vehicle Theft,"Pammal, Chennai, Tamil Nadu",N
Vehicle Theft,"Choolai, Chennai, Tamil Nadu",M
Vehicle Stolen,"Anna Nagar, Chennai, Tamil Nadu",MN
Accident,"Medavakkam, Chennai, Tamil Nadu",M
Vehicle Stolen,"Shenoy Nagar, Chennai, Tamil Nadu",N
Vehicle Stolen,"Saidapet, Chennai, Tamil Nadu",N
Vehicle Stolen,"Adambakkam, Chennai, Tamil Nadu",MN
Vehicle Theft,"Taramani, Chennai, Tamil Nadu",A
Vehicle Theft,"Nungambakkam, Chennai, Tamil Nadu",N
Accident,"Taramani, Chennai, Tamil Nadu",MN
Vehicle Stolen,"Saidapet, Chennai, Tamil Nadu",A
Accident,"Chromepet, Chennai, Tamil Nadu",MN
Vehicle Stolen,"Vyasarpadi, Chennai, Tamil Nadu",A
Accident,"Thiruvika Nagar, Chennai, Tamil Nadu",MN
Vehicle Theft,"Gopalapuram, Chennai, Tamil Nadu",MN
Vehicle Stolen,"Shenoy Nagar, Chennai, Tamil Nadu",MN
Vehicle Theft,"Sholinganallur, Chennai, Tamil Nadu",A
Vehicle Stolen,"K. K. Nagar, Chennai, Tamil Nadu",A
Accident,"Oggiyamduraipakkam, Tamil Nadu",N
Accident,"Egmore, Chennai, Tamil Nadu",N
Vehicle Theft,"Guindy, Chennai, Tamil Nadu",N
Accident,"Mannivakkam, Tamil Nadu",M
Vehicle Theft,"Choolai, Chennai, Tamil Nadu",N
Vehicle Theft,"Meenambakkam, Chennai, Tamil Nadu",MN
Accident,"Egmore, Chennai, Tamil Nadu",M
Vehicle Theft,"Ashok Nagar, Chennai, Tamil Nadu",MN
Accident,"Anna Nagar, Chennai, Tamil Nadu",M
Accident,"Washermanpet, Chennai, Tamil Nadu",MN
Vehicle Theft,"Kodambakkam, Chennai, Tamil Nadu",MN
Accident,"Saidapet, Chennai, Tamil Nadu",A
Accident,"Tirusulam, Chennai, Tamil Nadu",A
Vehicle Stolen,"Washermanpet, Chennai, Tamil Nadu",A
Vehicle Stolen,"Oggiyamduraipakkam, Tamil Nadu",A
Vehicle Stolen,"Meenambakkam, Chennai, Tamil Nadu",N
Accident,"Anna Nagar, Chennai, Tamil Nadu",M
Vehicle Theft,"Mudichur, Tamil Nadu",MN
Accident,"Vadapalani, Chennai, Tamil Nadu",M
Vehicle Stolen,"Ashok Nagar, Chennai, Tamil Nadu",MN
Vehicle Stolen,"Medavakkam, Chennai, Tamil Nadu",A
Vehicle Stolen,"Teynampet, Chennai, Tamil Nadu",MN
Accident,"Injambakkam, Chennai, Tamil Nadu",M
Vehicle Stolen,"Medavakkam, Chennai, Tamil Nadu",MN
Vehicle Stolen,"Alandur, Chennai, Tamil Nadu",MN
Vehicle Stolen,"Teynampet, Chennai, Tamil Nadu",A
Vehicle Stolen,"Kodambakkam, Chennai, Tamil Nadu",N
Accident,"Perambur, Chennai, Tamil Nadu",N
Accident,"Taramani, Chennai, Tamil Nadu",MN
Accident,"Pammal, Chennai, Tamil Nadu",N
Vehicle Stolen,"Egmore, Chennai, Tamil Nadu",A
Accident,"Ayanavaram, Chennai, Tamil Nadu",N
Vehicle Stolen,"Alandur, Chennai, Tamil Nadu",M
Vehicle Theft,"Gopalapuram, Chennai, Tamil Nadu",N
Accident,"Purasaiwakkam, Chennai, Tamil Nadu",A
Vehicle Stolen,"Tirusulam, Chennai, Tamil Nadu",N
Vehicle Stolen,"Sholinganallur, Chennai, Tamil Nadu",M
Vehicle Theft,"Egmore, Chennai, Tamil Nadu",M
Vehicle Theft,"Vadapalani, Chennai, Tamil Nadu",N
Vehicle Theft,"Alandur, Chennai, Tamil Nadu",M
Vehicle Theft,"Washermanpet, Chennai, Tamil Nadu",MN
Accident,"Tirusulam, Chennai, Tamil Nadu",A
Vehicle Stolen,"Korukkupet, Old Washermanpet Chennai, Tamil nadu",M
Accident,"Meenambakkam, Chennai, Tamil Nadu",M
Vehicle Theft,"Madhavaram, Chennai, Tamil Nadu",M
Vehicle Stolen,"Pammal, Chennai, Tamil Nadu",E
Accident,"Kodambakkam, Chennai, Tamil Nadu",MN
Accident,"Sholinganallur, Chennai, Tamil Nadu",MN
Accident,"Tirusulam, Chennai, Tamil Nadu",E
Vehicle Theft,"Egmore, Chennai, Tamil Nadu",A
Accident,"Perambur, Chennai, Tamil Nadu",MN
Vehicle Theft,"Vyasarpadi, Chennai, Tamil Nadu",MN
Accident,"Purasaiwakkam, Chennai, Tamil Nadu",MN
Accident,"Thoraipakkam, Tamil Nadu",E
Vehicle Stolen,"Korukkupet, Old Washermanpet Chennai, Tamil nadu",MN
Accident,"Gopalapuram, Chennai, Tamil Nadu",A
Accident,"Korukkupet, Old Washermanpet Chennai, Tamil nadu",M
Vehicle Theft,"Kodungaiyur, Chennai, Tamil Nadu",M
Accident,"Vandalur, Tamil Nadu",N
Vehicle Theft,"Saidapet, Chennai, Tamil Nadu",E
Accident,"Thiruvika Nagar, Chennai, Tamil Nadu",M
Accident,"Taramani, Chennai, Tamil Nadu",N
Vehicle Stolen,"Meenambakkam, Chennai, Tamil Nadu",E
Vehicle Theft,"Egmore, Chennai, Tamil Nadu",MN
Vehicle Theft,"Choolai, Chennai, Tamil Nadu",M
Accident,"Thoraipakkam, Tamil Nadu",A
Vehicle Theft,"Adyar, Chennai, Tamil Nadu ",MN
Accident,"Chromepet, Chennai, Tamil Nadu",N
Vehicle Theft,"Teynampet, Chennai, Tamil Nadu",A
Accident,"Vadapalani, Chennai, Tamil Nadu",MN
Vehicle Theft,"Taramani, Chennai, Tamil Nadu",M
Vehicle Theft,"Kanathur, Tamil Nadu",M
Vehicle Theft,"Shenoy Nagar, Chennai, Tamil Nadu",A
Accident,"Mannivakkam, Tamil Nadu",N
Vehicle Theft,"Kanathur, Tamil Nadu",A
Vehicle Theft,"Kodambakkam, Chennai, Tamil Nadu",MN
Vehicle Theft,"Taramani, Chennai, Tamil Nadu",M
Accident,"Royapettah, Chennai, Tamil Nadu",A
Accident,"Taramani, Chennai, Tamil Nadu",MN
Accident,"Teynampet, Chennai, Tamil Nadu",M
Vehicle Stolen,"Anna Nagar, Chennai, Tamil Nadu",MN
Vehicle Theft,"Chromepet, Chennai, Tamil Nadu",MN
Accident,"Chetpet, Chennai, Tamil Nadu",N
Vehicle Theft,"K. K. Nagar, Chennai, Tamil Nadu",A
Vehicle Stolen,"Meenambakkam, Chennai, Tamil Nadu",MN
Vehicle Theft,"Anna Nagar, Chennai, Tamil Nadu",M
Accident,"Adyar, Chennai, Tamil Nadu ",MN
Vehicle Stolen,"T. Nagar, Chennai, Tamil Nadu",MN
Vehicle Stolen,"Ashok Nagar, Chennai, Tamil Nadu",A
Vehicle Stolen,"Tirusulam, Chennai, Tamil Nadu",MN
Vehicle Theft,"Oggiyamduraipakkam, Tamil Nadu",M
Accident,"Purasaiwakkam, Chennai, Tamil Nadu",MN
Vehicle Theft,"Anna Nagar, Chennai, Tamil Nadu",N
Vehicle Stolen,"Adyar, Chennai, Tamil Nadu ",E
Accident,"Alandur, Chennai, Tamil Nadu",MN
Vehicle Theft,"Mylapore, Chennai, Tamil Nadu",MN
Vehicle Stolen,"Korukkupet, Old Washermanpet Chennai, Tamil nadu",MN
Accident,"Teynampet, Chennai, Tamil Nadu",N
Vehicle Stolen,"Shenoy Nagar, Chennai, Tamil Nadu",E
Vehicle Theft,"Royapettah, Chennai, Tamil Nadu",M
Accident,"Saidapet, Chennai, Tamil Nadu",E
Accident,"Ambattur, Chennai, Tamil Nadu",N
Accident,"Ambattur, Chennai, Tamil Nadu",M
Accident,"Thiruvika Nagar, Chennai, Tamil Nadu",A
Accident,"Egmore, Chennai, Tamil Nadu",N
Accident,"Tondiarpet, Chennai, Tamil Nadu",MN
Vehicle Stolen,"Madhavaram, Chennai, Tamil Nadu",E
Vehicle Stolen,"Purasaiwakkam, Chennai, Tamil Nadu",MN
Vehicle Stolen,"Sholinganallur, Chennai, Tamil Nadu",MN
Vehicle Theft,"Ambattur, Chennai, Tamil Nadu",E
Vehicle Theft,"Teynampet, Chennai, Tamil Nadu",M
Vehicle Stolen,"Vadapalani, Chennai, Tamil Nadu",A
Vehicle Theft,"Purasaiwakkam, Chennai, Tamil Nadu",E
Vehicle Stolen,"Chetpet, Chennai, Tamil Nadu",N
Vehicle Stolen,"Park Town, Chennai, Tamil Nadu",M
Vehicle Stolen,"Tirusulam, Chennai, Tamil Nadu",MN
Accident,"Pammal, Chennai, Tamil Nadu",A
Accident,"Sholinganallur, Chennai, Tamil Nadu",MN
Vehicle Stolen,"Perambur, Chennai, Tamil Nadu",A
Vehicle Theft,"Nungambakkam, Chennai, Tamil Nadu",A
Accident,"Alandur, Chennai, Tamil Nadu",M
Accident,"Gopalapuram, Chennai, Tamil Nadu",MN
Accident,"Mudichur, Tamil Nadu",A
Accident,"Park Town, Chennai, Tamil Nadu",E
Accident,"Ashok Nagar, Chennai, Tamil Nadu",M
Accident,"Shenoy Nagar, Chennai, Tamil Nadu",MN
Vehicle Theft,"Egmore, Chennai, Tamil Nadu",MN
Vehicle Theft,"Vadapalani, Chennai, Tamil Nadu",N
Vehicle Stolen,"Choolai, Chennai, Tamil Nadu",M
Vehicle Stolen,"Teynampet, Chennai, Tamil Nadu",M
Vehicle Stolen,"Ashok Nagar, Chennai, Tamil Nadu",E
Vehicle Stolen,"Medavakkam, Chennai, Tamil Nadu",M
Vehicle Stolen,"Perambur, Chennai, Tamil Nadu",MN
Accident,"Vadapalani, Chennai, Tamil Nadu",E
Accident,"Injambakkam, Chennai, Tamil Nadu",N
Vehicle Stolen,"Guindy, Chennai, Tamil Nadu",MN
Vehicle Theft,"Chromepet, Chennai, Tamil Nadu",A
Vehicle Theft,"T. Nagar, Chennai, Tamil Nadu",E
Vehicle Theft,"Saidapet, Chennai, Tamil Nadu",N
Vehicle Stolen,"Sholinganallur, Chennai, Tamil Nadu",MN
Accident,"Taramani, Chennai, Tamil Nadu",A
Vehicle Stolen,"T. Nagar, Chennai, Tamil Nadu",MN
Vehicle Theft,"Ashok Nagar, Chennai, Tamil Nadu",M
Vehicle Theft,"Thiruvika Nagar, Chennai, Tamil Nadu",A
Vehicle Theft,"T. Nagar, Chennai, Tamil Nadu",A
Accident,"Mannivakkam, Tamil Nadu",A
Accident,"Washermanpet, Chennai, Tamil Nadu",M
Accident,"T. Nagar, Chennai, Tamil Nadu",M
Vehicle Stolen,"Ayanavaram, Chennai, Tamil Nadu",A
Vehicle Stolen,"Chetpet, Chennai, Tamil Nadu",A
Accident,"Mannivakkam, Tamil Nadu",M
Accident,"Injambakkam, Chennai, Tamil Nadu",MN
Vehicle Theft,"Teynampet, Chennai, Tamil Nadu",A
Accident,"T. Nagar, Chennai, Tamil Nadu",M
Accident,"Injambakkam, Chennai, Tamil Nadu",A
Vehicle Theft,"Adyar, Chennai, Tamil Nadu ",M
Vehicle Theft,"Chetpet, Chennai, Tamil Nadu",A
Vehicle Stolen,"Nungambakkam, Chennai, Tamil Nadu",MN
Accident,"Gopalapuram, Chennai, Tamil Nadu",MN
Vehicle Stolen,"Mambalam, Chennai, Tamil Nadu",MN
Accident,"Kodungaiyur, Chennai, Tamil Nadu",A
Accident,"Thiruvika Nagar, Chennai, Tamil Nadu",M
Vehicle Stolen,"Vyasarpadi, Chennai, Tamil Nadu",M
Accident,"Vyasarpadi, Chennai, Tamil Nadu",M
Vehicle Theft,"Korukkupet, Old Washermanpet Chennai, Tamil nadu",MN
Accident,"Adyar, Chennai, Tamil Nadu ",MN
Vehicle Stolen,"T. Nagar, Chennai, Tamil Nadu",A
Vehicle Stolen,"Kanathur, Tamil Nadu",N
Vehicle Theft,"Park Town, Chennai, Tamil Nadu",MN
Accident,"Teynampet, Chennai, Tamil Nadu",MN
Accident,"Ayanavaram, Chennai, Tamil Nadu",A
Vehicle Stolen,"T. Nagar, Chennai, Tamil Nadu",M
Vehicle Theft,"Saidapet, Chennai, Tamil Nadu",A
Accident,"Korukkupet, Old Washermanpet Chennai, Tamil nadu",M
Vehicle Stolen,"Choolai, Chennai, Tamil Nadu",M
Vehicle Theft,"Mylapore, Chennai, Tamil Nadu",MN
Vehicle Theft,"Kodambakkam, Chennai, Tamil Nadu",A
Vehicle Theft,"Washermanpet, Chennai, Tamil Nadu",MN
Vehicle Theft,"Kodambakkam, Chennai, Tamil Nadu",M
Accident,"Thoraipakkam, Tamil Nadu",A
Vehicle Stolen,"Royapettah, Chennai, Tamil Nadu",A
Vehicle Theft,"Gopalapuram, Chennai, Tamil Nadu",A
Vehicle Theft,"Ashok Nagar, Chennai, Tamil Nadu",M
Vehicle Stolen,"Vadapalani, Chennai, Tamil Nadu",N
Vehicle Stolen,"Pammal, Chennai, Tamil Nadu",E
Vehicle Stolen,"Vyasarpadi, Chennai, Tamil Nadu",MN
Vehicle Stolen,"Egmore, Chennai, Tamil Nadu",MN
Vehicle Theft,"Mylapore, Chennai, Tamil Nadu",A
Accident,"Perambur, Chennai, Tamil Nadu",M
Vehicle Stolen,"Washermanpet, Chennai, Tamil Nadu",A
Vehicle Theft,"Vadapalani, Chennai, Tamil Nadu",M
Accident,"Medavakkam, Chennai, Tamil Nadu",N
Accident,"Anna Nagar, Chennai, Tamil Nadu",M
Vehicle Theft,"Chetpet, Chennai, Tamil Nadu",N
Accident,"Kanathur, Tamil Nadu",MN
Accident,"Purasaiwakkam, Chennai, Tamil Nadu",A
Vehicle Theft,"Vadapalani, Chennai, Tamil Nadu",A
Vehicle Stolen,"Ayanavaram, Chennai, Tamil Nadu",E
Accident,"Adambakkam, Chennai, Tamil Nadu",M
Vehicle Stolen,"Triplicane, Chennai, Tamil Nadu",A
Vehicle Stolen,"Thoraipakkam, Tamil Nadu",N
Accident,"Injambakkam, Chennai, Tamil Nadu",A
Vehicle Theft,"Thoraipakkam, Tamil Nadu",E
Vehicle Theft,"Kanathur, Tamil Nadu",A
Vehicle Theft,"Ambattur, Chennai, Tamil Nadu",M
Vehicle Theft,"Triplicane, Chennai, Tamil Nadu",A
Vehicle Stolen,"Ayanavaram, Chennai, Tamil Nadu",N
Accident,"Triplicane, Chennai, Tamil Nadu",M
Accident,"Vyasarpadi, Chennai, Tamil Nadu",A
Accident,"Washermanpet, Chennai, Tamil Nadu",M
Vehicle Stolen,"Tondiarpet, Chennai, Tamil Nadu",A
Vehicle Theft,"Meenambakkam, Chennai, Tamil Nadu",N
Vehicle Theft,"Mylapore, Chennai, Tamil Nadu",A
Vehicle Stolen,"Shenoy Nagar, Chennai, Tamil Nadu",M
Accident,"Mudichur, Tamil Nadu",M
Accident,"Tondiarpet, Chennai, Tamil Nadu",M
Vehicle Theft,"Egmore, Chennai, Tamil Nadu",M
Accident,"Vadapalani, Chennai, Tamil Nadu",MN
Vehicle Stolen,"Korukkupet, Old Washermanpet Chennai, Tamil nadu",MN
Accident,"Perambur, Chennai, Tamil Nadu",MN
Accident,"T. Nagar, Chennai, Tamil Nadu",MN
Vehicle Theft,"Madhavaram, Chennai, Tamil Nadu",N
Accident,"Tondiarpet, Chennai, Tamil Nadu",E
Accident,"Thoraipakkam, Tamil Nadu",N
Accident,"Park Town, Chennai, Tamil Nadu",N
Vehicle Theft,"Vandalur, Tamil Nadu",M
Vehicle Stolen,"Washermanpet, Chennai, Tamil Nadu",N
Accident,"Park Town, Chennai, Tamil Nadu",N
Accident,"Vadapalani, Chennai, Tamil Nadu",E
Vehicle Theft,"Royapettah, Chennai, Tamil Nadu",A
Vehicle Stolen,"Adyar, Chennai, Tamil Nadu ",A
Accident,"Saidapet, Chennai, Tamil Nadu",M
Accident,"Saidapet, Chennai, Tamil Nadu",A
Accident,"Adambakkam, Chennai, Tamil Nadu",E
Accident,"Korukkupet, Old Washermanpet Chennai, Tamil nadu",E
Vehicle Stolen,"Vadapalani, Chennai, Tamil Nadu",A
Accident,"Ashok Nagar, Chennai, Tamil Nadu",M
Accident,"Vyasarpadi, Chennai, Tamil Nadu",E
Accident,"Anna Nagar, Chennai, Tamil Nadu",A
Vehicle Theft,"Vadapalani, Chennai, Tamil Nadu",N
Accident,"Shenoy Nagar, Chennai, Tamil Nadu",MN
Accident,"Chetpet, Chennai, Tamil Nadu",MN
Vehicle Theft,"Ambattur, Chennai, Tamil Nadu",E
Vehicle Theft,"Egmore, Chennai, Tamil Nadu",N
Vehicle Stolen,"K. K. Nagar, Chennai, Tamil Nadu",M
Vehicle Theft,"Mudichur, Tamil Nadu",E
Vehicle Theft,"Thoraipakkam, Tamil Nadu",M
Vehicle Theft,"Purasaiwakkam, Chennai, Tamil Nadu",E
Accident,"Ashok Nagar, Chennai, Tamil Nadu",MN
Vehicle Theft,"Ayanavaram, Chennai, Tamil Nadu",N
Vehicle Theft,"Anna Nagar, Chennai, Tamil Nadu",N
Accident,"Mambalam, Chennai, Tamil Nadu",M
Vehicle Stolen,"Tondiarpet, Chennai, Tamil Nadu",N
Vehicle Stolen,"Injambakkam, Chennai, Tamil Nadu",E
Vehicle Stolen,"Korukkupet, Old Washermanpet Chennai, Tamil nadu",E
Accident,"Perambur, Chennai, Tamil Nadu",M
Accident,"Triplicane, Chennai, Tamil Nadu",M
Accident,"Perambur, Chennai, Tamil Nadu",E
Accident,"Shenoy Nagar, Chennai, Tamil Nadu",M
Vehicle Stolen,"Alandur, Chennai, Tamil Nadu",E
Vehicle Theft,"Thiruvika Nagar, Chennai, Tamil Nadu",M
Vehicle Theft,"K. K. Nagar, Chennai, Tamil Nadu",A
Vehicle Theft,"Alandur, Chennai, Tamil Nadu",N
Vehicle Stolen,"Thiruvika Nagar, Chennai, Tamil Nadu",N
Vehicle Stolen,"Taramani, Chennai, Tamil Nadu",MN
Vehicle Theft,"Injambakkam, Chennai, Tamil Nadu",MN
Accident,"Egmore, Chennai, Tamil Nadu",M
Vehicle Stolen,"Saidapet, Chennai, Tamil Nadu",MN
Vehicle Theft,"Vandalur, Tamil Nadu",N
Vehicle Stolen,"Kodungaiyur, Chennai, Tamil Nadu",N
Accident,"Adambakkam, Chennai, Tamil Nadu",A
Vehicle Theft,"Choolai, Chennai, Tamil Nadu",N
Vehicle Theft,"Sholinganallur, Chennai, Tamil Nadu",MN
Accident,"Guindy, Chennai, Tamil Nadu",MN
Vehicle Stolen,"Meenambakkam, Chennai, Tamil Nadu",M
Accident,"Kodambakkam, Chennai, Tamil Nadu",E
Accident,"Thiruvika Nagar, Chennai, Tamil Nadu",A
Accident,"Kodambakkam, Chennai, Tamil Nadu",M
Accident,"Vyasarpadi, Chennai, Tamil Nadu",A
Accident,"Meenambakkam, Chennai, Tamil Nadu",M
Accident,"Sholinganallur, Chennai, Tamil Nadu",M
Vehicle Stolen,"Saidapet, Chennai, Tamil Nadu",A
Accident,"Perambur, Chennai, Tamil Nadu",MN
Accident,"Adambakkam, Chennai, Tamil Nadu",N
Vehicle Stolen,"Taramani, Chennai, Tamil Nadu",N
Vehicle Theft,"Gopalapuram, Chennai, Tamil Nadu",N
Accident,"Adambakkam, Chennai, Tamil Nadu",M
Accident,"Adyar, Chennai, Tamil Nadu ",A
Vehicle Theft,"Ambattur, Chennai, Tamil Nadu",MN
Vehicle Theft,"Mudichur, Tamil Nadu",N
Vehicle Stolen,"Park Town, Chennai, Tamil Nadu",A
Vehicle Stolen,"Mylapore, Chennai, Tamil Nadu",A
Vehicle Stolen,"Perambur, Chennai, Tamil Nadu",E
Accident,"Choolai, Chennai, Tamil Nadu",M
Accident,"Ambattur, Chennai, Tamil Nadu",MN
Vehicle Stolen,"Mannivakkam, Tamil Nadu",M
Vehicle Theft,"Egmore, Chennai, Tamil Nadu",MN
Vehicle Theft,"Vandalur, Tamil Nadu",MN
Vehicle Theft,"Alandur, Chennai, Tamil Nadu",MN
Accident,"Thoraipakkam, Tamil Nadu",M
Accident,"Vadapalani, Chennai, Tamil Nadu",A
Accident,"K. K. Nagar, Chennai, Tamil Nadu",E
Vehicle Theft,"Ambattur, Chennai, Tamil Nadu",M
Vehicle Stolen,"Vyasarpadi, Chennai, Tamil Nadu",E
Vehicle Stolen,"Korukkupet, Old Washermanpet Chennai, Tamil nadu",E
Vehicle Theft,"Mudichur, Tamil Nadu",E
Vehicle Stolen,"Taramani, Chennai, Tamil Nadu",A
Vehicle Stolen,"Kodambakkam, Chennai, Tamil Nadu",A
Vehicle Theft,"Injambakkam, Chennai, Tamil Nadu",A
Vehicle Theft,"Mudichur, Tamil Nadu",MN
Vehicle Stolen,"Pammal, Chennai, Tamil Nadu",E
Vehicle Theft,"Tirusulam, Chennai, Tamil Nadu",A
Vehicle Stolen,"Anna Nagar, Chennai, Tamil Nadu",A
Vehicle Theft,"Ashok Nagar, Chennai, Tamil Nadu",M
Vehicle Stolen,"Mannivakkam, Tamil Nadu",MN
Accident,"Injambakkam, Chennai, Tamil Nadu",M
Accident,"K. K. Nagar, Chennai, Tamil Nadu",M
Vehicle Theft,"Kodambakkam, Chennai, Tamil Nadu",M
Accident,"Mannivakkam, Tamil Nadu",A
Vehicle Stolen,"Taramani, Chennai, Tamil Nadu",M
Vehicle Stolen,"Royapettah, Chennai, Tamil Nadu",MN
Vehicle Stolen,"Nungambakkam, Chennai, Tamil Nadu",MN
Accident,"Teynampet, Chennai, Tamil Nadu",N
Vehicle Theft,"Vyasarpadi, Chennai, Tamil Nadu",A
Accident,"Guindy, Chennai, Tamil Nadu",A
Vehicle Theft,"Medavakkam, Chennai, Tamil Nadu",N
Vehicle Stolen,"Kanathur, Tamil Nadu",N
Vehicle Stolen,"Pammal, Chennai, Tamil Nadu",M
Accident,"Ambattur, Chennai, Tamil Nadu",M
Vehicle Stolen,"Meenambakkam, Chennai, Tamil Nadu",E
Vehicle Stolen,"Adambakkam, Chennai, Tamil Nadu",E
Vehicle Theft,"Tondiarpet, Chennai, Tamil Nadu",E
Vehicle Stolen,"Tondiarpet, Chennai, Tamil Nadu",MN
Vehicle Stolen,"Vadapalani, Chennai, Tamil Nadu",E
Vehicle Theft,"Taramani, Chennai, Tamil Nadu",E
Accident,"Korukkupet, Old Washermanpet Chennai, Tamil nadu",M
Vehicle Theft,"Sholinganallur, Chennai, Tamil Nadu",N
Accident,"Egmore, Chennai, Tamil Nadu",A
Vehicle Stolen,"Madhavaram, Chennai, Tamil Nadu",A
Vehicle Theft,"Purasaiwakkam, Chennai, Tamil Nadu",N
Vehicle Theft,"Madhavaram, Chennai, Tamil Nadu",N
Vehicle Theft,"Tirusulam, Chennai, Tamil Nadu",N
Accident,"Mambalam, Chennai, Tamil Nadu",N
Vehicle Theft,"Mylapore, Chennai, Tamil Nadu",MN
Vehicle Theft,"Tondiarpet, Chennai, Tamil Nadu",A
Vehicle Theft,"Madhavaram, Chennai, Tamil Nadu",E
Vehicle Theft,"Vandalur, Tamil Nadu",MN
Vehicle Theft,"Choolai, Chennai, Tamil Nadu",M
Vehicle Theft,"Mylapore, Chennai, Tamil Nadu",MN
Accident,"Anna Nagar, Chennai, Tamil Nadu",A
Accident,"Mylapore, Chennai, Tamil Nadu",N
Accident,"Kodungaiyur, Chennai, Tamil Nadu",E
Vehicle Stolen,"T. Nagar, Chennai, Tamil Nadu",A
Vehicle Theft,"Korukkupet, Old Washermanpet Chennai, Tamil nadu",A
Accident,"Shenoy Nagar, Chennai, Tamil Nadu",A
Vehicle Theft,"Sholinganallur, Chennai, Tamil Nadu",A
Vehicle Theft,"Vyasarpadi, Chennai, Tamil Nadu",MN
Vehicle Theft,"Mambalam, Chennai, Tamil Nadu",MN
Vehicle Theft,"Medavakkam, Chennai, Tamil Nadu",MN
Vehicle Stolen,"Egmore, Chennai, Tamil Nadu",N
